ID,Gender,Firstname,Middle,Lastname,Address,City,State,Zipcode,Telephone,Birthday,Email
601,male,Albert,P,Calton,2753 Aspen Court,Cambridge,MA,2141,617-405-8540,1956/03/20,Albert.P.Calton@dodgit.com
602,male,Craig,L,Marshall,4237 Derek Drive,Twinsburg,OH,44087,330-425-9331,1945/05/15,Craig.L.Marshall@spambob.com
603,female,Amber,G,Dunaway,2498 Richison Drive,Kalispell,MT,59901,406-260-8042,1956/03/23,Amber.G.Dunaway@spambob.com
604,female,Paige,R,Day,997 Larry Street,Milwaukee,WI,53216,414-875-6434,1948/03/06,Paige.R.Day@trashymail.com
605,male,Pedro,S,Kirsch,1445 Koontz Lane,Los Angeles,CA,90017,818-823-0203,1958/11/13,Pedro.S.Kirsch@pookmail.com
606,female,Marilyn,G,Zimmerman,4494 Oakmound Road,Burr Ridge,IL,60527,773-231-5468,1950/10/30,Marilyn.G.Zimmerman@pookmail.com
607,female,Nora,A,Matthews,1135 Stratford Court,Raleigh,NC,27612,919-783-9322,1971/09/10,Nora.A.Matthews@pookmail.com
608,male,Rex,D,Dow,2823 Turkey Pen Lane,Red Level,AL,36474,334-469-9488,1984/02/03,Rex.D.Dow@dodgit.com
609,female,Diane,R,Mcswain,3026 West Virginia Avenue,Central Bridge,NY,12035,518-868-1876,1941/10/18,Diane.R.Mcswain@mailinator.com
610,female,Virginia,R,Smallwood,3978 Bryan Avenue,Minneapolis,MN,55406,651-271-6425,1971/05/27,Virginia.R.Smallwood@dodgit.com
611,female,Lucille,M,Brown,961 Burwell Heights Road,Beaumont,TX,77701,409-543-3459,1940/07/05,Lucille.M.Brown@mailinator.com
612,female,Lucy,M,Dowdy,1684 Cunningham Court,Clarkston,MI,48346,248-620-8277,1957/07/10,Lucy.M.Dowdy@dodgit.com
613,female,Noma,T,Kenny,963 Pratt Avenue,Hoodsport,WA,98548,360-877-1754,1959/03/12,Noma.T.Kenny@trashymail.com
614,female,Elizabeth,E,Hollenbeck,846 Preston Street,Phoenix,AZ,85034,623-215-4467,1983/12/24,Elizabeth.E.Hollenbeck@dodgit.com
615,female,Joan,R,Richards,647 Pursglove Court,Milford Center,OH,43045,937-349-8276,1984/08/15,Joan.R.Richards@mailinator.com
616,male,John,K,Furtado,3146 Clement Street,Atlanta,GA,30303,404-523-0134,1974/09/28,John.K.Furtado@mailinator.com
617,female,Sharon,J,Wilson,564 Fort Street,Seattle,WA,98109,253-221-7075,1982/02/22,Sharon.J.Wilson@dodgit.com
618,female,Thi,E,Satterfield,1483 Barnes Avenue,Cincinnati,OH,45241,513-691-0732,1950/01/01,Thi.E.Satterfield@mailinator.com
619,male,Dallas,M,Dinh,3607 Washington Street,Corpus Christi,TX,78401,361-345-7213,1976/11/05,Dallas.M.Dinh@dodgit.com
620,male,Wayne,T,Sullivan,3009 Hart Street,Hartford,CT,6182,860-359-4507,1945/02/21,Wayne.T.Sullivan@trashymail.com
621,male,Robert,C,Stevens,1223 Marietta Street,Vallejo,CA,94590,707-654-7397,1946/07/21,Robert.C.Stevens@dodgit.com
622,female,Linda,E,Maxwell,1993 Monroe Street,Sugar Land,TX,77478,713-406-7330,1952/07/29,Linda.E.Maxwell@pookmail.com
623,male,Omar,E,Martinez,4804 Hott Street,Oklahoma City,OK,73109,405-634-0550,1972/06/04,Omar.E.Martinez@spambob.com
624,female,Mildred,G,Lamm,3019 Lewis Street,Aurora,IL,60506,630-859-3137,1978/08/15,Mildred.G.Lamm@mailinator.com
625,female,Rhonda,A,Early,4013 Dane Street,Loomis,WA,98827,509-223-6987,1984/08/22,Rhonda.A.Early@dodgit.com
626,female,Myrtle,R,Wilder,671 Wilkinson Court,Fort Myers,FL,33901,239-477-5724,1960/04/13,Myrtle.R.Wilder@mailinator.com
627,male,Daryl,V,Kruger,1252 Oak Ridge Drive,Sikeston,MO,63801,573-472-8131,1947/01/17,Daryl.V.Kruger@trashymail.com
628,male,Dennis,J,Weber,1448 Wilson Street,Palm Springs,CA,92262,760-898-3422,1974/03/11,Dennis.J.Weber@dodgit.com
629,female,Barbara,J,Whitton,4356 Thompson Street,Los Angeles,CA,90017,562-676-3961,1945/10/02,Barbara.J.Whitton@dodgit.com
630,male,Charles,A,Gray,3863 Horseshoe Lane,Philadelphia,PA,19108,484-429-0607,1981/06/25,Charles.A.Gray@mailinator.com
631,female,Sandra,J,Sanders,3186 Briercliff Road,New York,NY,10011,718-619-1983,1962/05/21,Sandra.J.Sanders@mailinator.com
632,female,Beth,G,Reed,1478 Rocky Road,Philadelphia,PA,19104,215-615-2864,1948/10/03,Beth.G.Reed@pookmail.com
633,female,Helen,R,Bailey,2512 Turkey Pen Lane,Wetumpka,AL,36092,334-514-2198,1944/06/14,Helen.R.Bailey@mailinator.com
634,male,Mike,E,Jones,868 Cerullo Road,Louisville,KY,40223,502-439-7619,1952/11/18,Mike.E.Jones@trashymail.com
635,male,Robert,C,Sanchez,373 Moonlight Drive,Pleasantville,NJ,8232,609-641-2775,1958/09/07,Robert.C.Sanchez@dodgit.com
636,female,Betty,P,Mountain,604 Bryan Avenue,Minneapolis,MN,55415,651-398-2156,1965/03/23,Betty.P.Mountain@pookmail.com
637,male,Charles,S,Thompson,4912 Lyndon Street,Paoli,PA,19301,610-725-3630,1981/07/01,Charles.S.Thompson@spambob.com
638,male,Patrick,L,Mccallum,245 Frum Street,Nashville,TN,37206,615-262-4692,1975/01/15,Patrick.L.Mccallum@mailinator.com
639,male,Matthew,D,Ward,2389 Woodrow Way,Nacogdoches,TX,75964,936-250-0363,1981/12/31,Matthew.D.Ward@dodgit.com
640,female,Tiffany,T,Smith,4501 Farland Street,Westborough,MA,1581,774-200-3352,1968/07/10,Tiffany.T.Smith@mailinator.com
641,male,Joseph,Z,Herrera,4683 Norma Lane,Shreveport,LA,71101,318-572-4583,1941/11/05,Joseph.Z.Herrera@mailinator.com
642,female,Patricia,S,Stevens,1052 Jerome Avenue,Harlingen,TX,78550,956-359-9563,1947/07/03,Patricia.S.Stevens@trashymail.com
643,male,Anthony,P,Edington,2892 Beechwood Avenue,Weehawken,NJ,7087,908-752-0075,1976/03/31,Anthony.P.Edington@trashymail.com
644,female,Bernadine,E,Masters,409 Smithfield Avenue,Lubbock,TX,79410,806-782-7486,1953/11/11,Bernadine.E.Masters@dodgit.com
645,male,Damon,B,Powell,1059 Sarah Drive,Lake Charles,LA,70601,337-430-7867,1944/09/29,Damon.B.Powell@mailinator.com
646,female,Ursula,J,Nakamura,75 Lake Road,Atlantic City,NJ,8401,609-348-8119,1967/01/09,Ursula.J.Nakamura@trashymail.com
647,female,Mary,L,Valenti,4929 Stonepot Road,Elizabeth,NJ,7201,908-352-8811,1985/05/17,Mary.L.Valenti@mailinator.com
648,female,Lorraine,W,Grove,4820 Rose Avenue,Chalmette,LA,70043,504-270-3634,1952/03/03,Lorraine.W.Grove@pookmail.com
649,male,Donald,E,Massenburg,251 Adonais Way,Tucker,GA,30084,678-406-8325,1950/04/08,Donald.E.Massenburg@dodgit.com
650,female,Alaine,H,Pagan,1495 Randolph Street,Bass River,MA,2664,508-760-7183,1946/10/19,Alaine.H.Pagan@mailinator.com
651,male,Keith,M,Ney,4376 Garrett Street,Three Rivers,MI,49093,269-273-4967,1949/03/09,Keith.M.Ney@spambob.com
652,male,Reid,S,Norwood,2459 Crosswind Drive,Paducah,KY,42003,270-898-7405,1973/01/21,Reid.S.Norwood@pookmail.com
653,male,Daniel,P,Murray,4710 Barnes Street,Sanford,FL,32771,407-330-7157,1980/06/27,Daniel.P.Murray@spambob.com
654,male,Elliot,M,Haston,1867 Philadelphia Avenue,Orem,UT,84058,801-235-1460,1983/01/31,Elliot.M.Haston@spambob.com
655,female,Michelle,J,Phelps,1095 Deercove Drive,Dallas,TX,75201,214-965-3581,1943/07/23,Michelle.J.Phelps@spambob.com
656,male,Louis,K,Watanabe,4422 Ella Street,Concord,CA,94520,650-283-9696,1941/06/30,Louis.K.Watanabe@pookmail.com
657,male,John,D,Hoag,869 Aspen Court,Boston,MA,2109,617-426-0561,1967/10/24,John.D.Hoag@trashymail.com
658,female,Jessie,D,Knight,2054 Ford Street,Oakland,CA,94612,408-516-2502,1967/02/24,Jessie.D.Knight@spambob.com
659,male,Dennis,C,Outlaw,6 Wyatt Street,Miami,FL,33128,561-422-8833,1952/08/29,Dennis.C.Outlaw@mailinator.com
660,female,Susan,A,Robinson,2834 Mulberry Lane,West Palm Beach,FL,33401,561-870-7430,1951/12/27,Susan.A.Robinson@mailinator.com
661,male,Jerry,B,Blue,2542 Rainbow Drive,Akron,OH,44308,330-515-7560,1979/10/08,Jerry.B.Blue@trashymail.com
662,male,Jeffery,M,Mosley,111 Charack Road,Terre Haute,IN,47807,812-235-7911,1959/04/03,Jeffery.M.Mosley@mailinator.com
663,female,Paula,B,Wills,3842 Oral Lake Road,Golden Valley,MN,55427,952-525-4115,1941/02/22,Paula.B.Wills@dodgit.com
664,female,Stella,R,Rollins,305 Ashton Lane,Austin,TX,78701,512-555-3665,1964/08/31,Stella.R.Rollins@pookmail.com
665,male,Alberto,P,Emerson,4935 Lilac Lane,Omega,GA,31775,912-501-8721,1957/09/22,Alberto.P.Emerson@trashymail.com
666,male,Timothy,M,Brewer,1187 Melrose Street,Spokane Valley,WA,99206,509-954-3266,1955/09/02,Timothy.M.Brewer@trashymail.com
667,female,Lee,T,Henderson,705 Waldeck Street,Arlington,TX,75760,817-465-6311,1980/12/27,Lee.T.Henderson@mailinator.com
668,female,Robin,L,Fields,3859 Rivendell Drive,Strasburg,OH,44680,330-878-4799,1967/03/01,Robin.L.Fields@mailinator.com
669,male,Chad,J,Whitton,4981 Vernon Street,San Diego,CA,92103,760-719-1350,1951/06/09,Chad.J.Whitton@trashymail.com
670,male,Jon,N,Bravo,980 Boone Street,Skidmore,TX,78389,361-287-0244,1944/11/01,Jon.N.Bravo@pookmail.com
671,male,Norman,C,Lee,2703 Wilson Avenue,Dallas,TX,75204,972-467-0965,1968/01/19,Norman.C.Lee@spambob.com
672,male,Thomas,C,Campbell,3765 Preston Street,Phoenix,AZ,85040,623-204-6383,1950/02/10,Thomas.C.Campbell@trashymail.com
673,male,David,C,Potts,1577 Queens Lane,Lynchburg,VA,24504,434-847-0943,1950/02/21,David.C.Potts@mailinator.com
674,male,Damion,R,Barney,2996 Lincoln Drive,Harrisburg,PA,17101,717-601-4551,1948/11/11,Damion.R.Barney@dodgit.com
675,male,Louis,D,Lute,3975 Loving Acres Road,Euless,TX,76039,817-266-7540,1977/10/09,Louis.D.Lute@mailinator.com
676,male,Lawrence,S,Gonzalez,3330 Rhode Island Avenue,Chantilly,DC,20151,202-428-4562,1946/04/11,Lawrence.S.Gonzalez@mailinator.com
677,female,Donna,N,Buchanan,3791 Cunningham Court,Southfield,MI,48034,248-726-2534,1982/06/02,Donna.N.Buchanan@trashymail.com
678,male,Charles,D,Brown,2924 Davis Place,Cairo (allen),OH,45820,419-235-4081,1948/05/15,Charles.D.Brown@dodgit.com
679,female,Rosemarie,M,Wittrock,2315 Crowfield Road,Gilbert,AZ,85233,602-803-1770,1959/05/27,Rosemarie.M.Wittrock@trashymail.com
680,male,Earnest,A,Ziegler,3058 Abia Martin Drive,Hicksville,NY,11612,631-470-9337,1951/11/04,Earnest.A.Ziegler@spambob.com
681,female,Mary,J,Buckley,2449 Oakwood Circle,Anaheim,CA,92801,949-374-2435,1977/03/28,Mary.J.Buckley@spambob.com
682,female,Joanna,T,Vath,4558 Coburn Hollow Road,Deer Creek,IL,61733,309-447-3712,1942/12/19,Joanna.T.Vath@mailinator.com
683,female,Carol,B,Jensen,4982 Kidd Avenue,Chignik Lagoon,AK,99565,907-840-2218,1941/06/04,Carol.B.Jensen@mailinator.com
684,female,Edna,J,Saragosa,3185 Boring Lane,San Francisco,CA,94107,415-667-3648,1973/04/15,Edna.J.Saragosa@spambob.com
685,male,Charles,R,Moore,1613 Courtright Street,Williston,ND,58802,701-570-4953,1962/03/20,Charles.R.Moore@trashymail.com
686,male,Henry,K,Dickerson,4964 Larry Street,Milwaukee,WI,53233,414-931-9693,1940/09/26,Henry.K.Dickerson@spambob.com
687,female,Brittany,R,Anderson,2104 Griffin Street,Gilbert,AZ,85233,602-309-8154,1984/01/19,Brittany.R.Anderson@spambob.com
688,female,Mary,J,Archer,3664 Longview Avenue,New York,NY,10004,718-554-1979,1960/12/02,Mary.J.Archer@spambob.com
689,male,George,J,Jeffrey,3291 Poplar Street,Northbrook,IL,60062,708-707-8574,1956/07/04,George.J.Jeffrey@pookmail.com
690,female,Lizette,E,Duquette,558 Little Acres Lane,Mattoon,IL,61938,217-881-0386,1956/05/16,Lizette.E.Duquette@pookmail.com
691,female,Amanda,T,Wright,2011 Swick Hill Street,Concord,NC,28025,980-521-1100,1977/09/18,Amanda.T.Wright@trashymail.com
692,female,Tiffany,J,Bourque,3417 University Hill Road,Champaign,IL,61820,217-552-5375,1953/08/25,Tiffany.J.Bourque@mailinator.com
693,male,Ronnie,M,Price,2523 Cedar Lane,Boston,MA,2115,617-579-0188,1958/03/18,Ronnie.M.Price@dodgit.com
694,female,Helen,J,Bartholomew,3514 Stanton Hollow Road,Walpole,MA,2081,781-510-5748,1983/06/30,Helen.J.Bartholomew@pookmail.com
695,male,Gene,L,Robinson,838 Overlook Drive,Indianapolis,IN,46214,765-318-1226,1941/09/12,Gene.L.Robinson@pookmail.com
696,female,Darla,J,Gonzalez,4841 Zappia Drive,Winchester,KY,40391,859-358-5937,1967/12/18,Darla.J.Gonzalez@dodgit.com
697,female,Esther,C,Davis,3261 Lyon Avenue,Walpole,MA,2081,508-963-6781,1947/02/26,Esther.C.Davis@mailinator.com
698,female,Patricia,O,Williams,1685 Garrett Street,Newark,PA,19714,267-935-0193,1949/05/20,Patricia.O.Williams@pookmail.com
699,male,Johnnie,D,Frazee,1033 Summit Park Avenue,Mobile,AL,36602,251-209-6417,1970/09/28,Johnnie.D.Frazee@dodgit.com
700,female,Yadira,R,Skeen,2086 Clarence Court,Wilmington,NC,28412,910-228-8561,1961/08/31,Yadira.R.Skeen@mailinator.com
701,female,Inez,P,Mckenzie,3662 Shingleton Road,Saint Joseph,MI,49085,269-428-3540,1947/12/04,Inez.P.Mckenzie@mailinator.com
702,female,Anya,W,Marin,1348 Lighthouse Drive,Fort Scott,MO,66701,417-228-5218,1975/10/25,Anya.W.Marin@pookmail.com
703,female,Anna,G,Long,721 Hampton Meadows,North Reading,MA,1864,978-370-8988,1985/03/09,Anna.G.Long@mailinator.com
704,female,Dorothy,P,Lumsden,2912 Havanna Street,Red Brush,NC,27030,336-320-8117,1959/11/08,Dorothy.P.Lumsden@mailinator.com
705,male,Kendrick,H,Bologna,46 Deans Lane,New York,NY,10019,914-740-3865,1956/08/31,Kendrick.H.Bologna@pookmail.com
706,male,Gary,J,Reed,2997 Bird Spring Lane,Houston,TX,77077,281-497-2156,1977/06/24,Gary.J.Reed@spambob.com
707,female,Brittney,H,Lynch,1958 Sunny Glen Lane,Cleveland,OH,44111,216-889-7724,1973/02/17,Brittney.H.Lynch@mailinator.com
708,male,Carl,A,Heaton,2459 Lyon Avenue,Worcester,MA,1610,508-901-8486,1958/06/02,Carl.A.Heaton@mailinator.com
709,female,Shirley,R,Tarvin,3239 Stanton Hollow Road,Waltham,MA,2154,781-522-1711,1962/12/13,Shirley.R.Tarvin@mailinator.com
710,female,Tina,J,Battle,4213 Saint Francis Way,Brookfield,WI,53005,262-930-6468,1955/10/05,Tina.J.Battle@trashymail.com
711,male,Kurt,R,Farias,2202 Clay Lick Road,Golden,CO,80401,720-497-5877,1964/09/30,Kurt.R.Farias@trashymail.com
712,male,Troy,T,Maher,4476 Cimmaron Road,Burbank,CA,91505,714-609-6046,1944/08/16,Troy.T.Maher@spambob.com
713,male,James,F,Whitely,713 Moore Avenue,Cleburne,TX,76031,817-774-1632,1985/01/23,James.F.Whitely@mailinator.com
714,male,Rafael,P,Hargrave,1028 College Street,Forest Park,GA,30050,404-363-9347,1970/07/26,Rafael.P.Hargrave@mailinator.com
715,male,Edwin,S,Doherty,447 Walt Nuzum Farm Road,Rochester,NY,14604,585-414-6323,1976/08/18,Edwin.S.Doherty@dodgit.com
716,male,Dale,J,Baber,1505 Skinner Hollow Road,Pendleton,OR,97801,541-792-0985,1979/07/16,Dale.J.Baber@trashymail.com
717,male,David,L,Williams,3054 Calvin Street,Baltimore,MD,21202,443-431-0394,1978/02/01,David.L.Williams@mailinator.com
718,female,Agatha,R,Vincent,4076 Breezewood Court,Sharon,KS,67138,620-361-3346,1985/04/28,Agatha.R.Vincent@spambob.com
719,female,Deborah,J,Martinez,4515 James Martin Circle,Westerville,OH,43081,614-402-5909,1960/11/26,Deborah.J.Martinez@spambob.com
720,male,Charles,R,Mccaffrey,4376 Bassel Street,New Orleans,LA,70113,985-271-4041,1984/05/07,Charles.R.Mccaffrey@pookmail.com
721,male,Daniel,T,Lampkin,4867 Hilltop Drive,Peacock,TX,79542,806-254-0052,1970/08/17,Daniel.T.Lampkin@pookmail.com
722,male,Kyle,N,Duffy,429 Edgewood Road,Little Rock,AR,72211,870-980-4992,1946/01/28,Kyle.N.Duffy@pookmail.com
723,female,Deborah,L,Cosner,2818 Rodney Street,Imperial,MO,63052,636-467-9698,1941/09/24,Deborah.L.Cosner@dodgit.com
724,male,Paul,W,Olson,3888 Ersel Street,Dallas,TX,75247,214-394-5793,1959/01/28,Paul.W.Olson@spambob.com
725,male,James,M,Richardson,3318 Coal Road,Plains,PA,18705,570-714-3940,1947/05/06,James.M.Richardson@pookmail.com
726,female,Sherrie,J,Cook,3714 Straford Park,Grethel,KY,41631,606-587-8407,1978/03/25,Sherrie.J.Cook@dodgit.com
727,female,Sharon,P,Vita,2762 Shady Pines Drive,Owensboro,KY,42301,270-929-1583,1983/12/07,Sharon.P.Vita@pookmail.com
728,female,Donna,V,Rodriguez,3444 Settlers Lane,Brooklyn,NY,11206,917-764-2639,1966/12/03,Donna.V.Rodriguez@spambob.com
729,female,Mia,R,Lando,2018 Travis Street,Jupiter,FL,33478,772-584-2895,1974/04/21,Mia.R.Lando@pookmail.com
730,male,Robert,K,Hayes,2976 Poplar Lane,Miami,FL,33128,305-536-8062,1959/10/14,Robert.K.Hayes@trashymail.com
731,male,Harold,B,Adames,2919 Pearcy Avenue,West Allis,WI,53227,262-235-2496,1960/05/17,Harold.B.Adames@trashymail.com
732,female,Josephine,M,Hurtado,4903 Copperhead Road,Glastonbury,CT,6033,860-657-2946,1964/08/07,Josephine.M.Hurtado@mailinator.com
733,female,Angela,T,Bailey,4655 Rivendell Drive,Massillon,OH,44646,330-833-8638,1950/03/30,Angela.T.Bailey@dodgit.com
734,male,Willie,C,Butterfield,4785 Sunset Drive,Little Rock,AR,72201,870-713-0527,1947/10/07,Willie.C.Butterfield@mailinator.com
735,male,Derek,T,Eaton,2952 Findley Avenue,Minot,ND,58701,701-832-9542,1945/01/25,Derek.T.Eaton@mailinator.com
736,male,Richard,K,Mendosa,4701 Flanigan Oaks Drive,Bethesda,MD,20014,301-320-4894,1966/01/08,Richard.K.Mendosa@dodgit.com
737,female,Mary,J,Knutson,4122 Hampton Meadows,Boston,MA,2110,978-405-6786,1963/03/03,Mary.J.Knutson@dodgit.com
738,female,Stella,N,Rundle,279 Oliverio Drive,Girard,KS,66743,620-632-5642,1956/04/29,Stella.N.Rundle@pookmail.com
739,male,Thomas,N,Robinson,4713 Tuna Street,Southfield,MI,48034,810-892-2864,1947/01/01,Thomas.N.Robinson@trashymail.com
740,female,Bernice,J,Tate,2478 Cimmaron Road,Burbank,CA,91505,714-608-9151,1974/06/26,Bernice.J.Tate@dodgit.com
741,male,Gerald,L,Smith,3644 Poe Road,Myrtle Beach,SC,29575,843-233-1920,1964/06/11,Gerald.L.Smith@trashymail.com
742,male,Byron,M,Moreno,3767 Chandler Hollow Road,West Mifflin,PA,15122,412-460-5069,1982/06/19,Byron.M.Moreno@dodgit.com
743,female,Jennifer,J,Coates,2927 Leo Street,Portland,PA,97205,724-207-2561,1956/01/20,Jennifer.J.Coates@trashymail.com
744,male,Brian,C,Taylor,2352 Randolph Street,Mattapoisett,MA,2739,508-758-5207,1941/11/07,Brian.C.Taylor@mailinator.com
745,male,Carl,R,Olivo,1634 Harvest Lane,Prairie Home,MO,65068,660-841-0146,1958/03/30,Carl.R.Olivo@trashymail.com
746,male,Alexander,J,Martinez,1301 Charter Street,Louisburg,KS,66053,913-837-3941,1966/04/19,Alexander.J.Martinez@mailinator.com
747,female,Janet,G,Harrington,3430 Crim Lane,Trotwood,OH,45426,937-854-5622,1973/09/15,Janet.G.Harrington@spambob.com
748,male,Chang,K,Cadena,2000 Mapleview Drive,Memphis,TN,38128,731-304-6765,1981/03/21,Chang.K.Cadena@mailinator.com
749,male,Mark,J,Garcia,2091 Millbrook Road,Downers Grove,IL,60515,630-769-5572,1961/11/16,Mark.J.Garcia@mailinator.com
750,male,Daniel,R,Barnes,4238 Graystone Lakes,Augusta,GA,30901,478-323-8250,1984/04/07,Daniel.R.Barnes@trashymail.com
751,female,Crystal,A,Burns,4041 Randall Drive,Kilauea,HI,96722,808-828-7105,1942/08/31,Crystal.A.Burns@pookmail.com
752,female,Helen,M,Clarke,2622 Broadway Avenue,Chattanooga,TN,37409,423-825-2396,1968/11/07,Helen.M.Clarke@pookmail.com
753,female,Elizabeth,J,Williams,3620 Leroy Lane,Ortonville,SD,56278,605-862-3142,1955/06/10,Elizabeth.J.Williams@mailinator.com
754,female,Allyson,T,Harris,3500 Hurry Street,Mcgaheysville,VA,22840,540-289-3814,1975/01/08,Allyson.T.Harris@dodgit.com
755,female,Fern,M,Bagwell,4894 Lee Avenue,Moorestown,NJ,8057,856-344-7192,1974/05/09,Fern.M.Bagwell@dodgit.com
756,female,Alma,R,Garcia,1962 Abia Martin Drive,Manhattan,NY,10107,631-452-8699,1976/08/09,Alma.R.Garcia@mailinator.com
757,male,Timothy,M,Brown,3173 Kemper Lane,Salt Lake City,UT,84111,801-912-8399,1957/06/25,Timothy.M.Brown@trashymail.com
758,female,Jane,T,Arnold,2223 Corbin Branch Road,Chattanooga,TN,37403,423-425-2806,1985/12/22,Jane.T.Arnold@spambob.com
759,male,John,E,Watkins,2809 Briarhill Lane,Akron,OH,44308,330-230-9577,1950/02/10,John.E.Watkins@trashymail.com
760,female,Jayne,E,Battle,1060 Bolman Court,Champaign,IL,61820,217-333-5036,1976/09/07,Jayne.E.Battle@dodgit.com
761,male,Paul,A,Tavares,2875 Ripple Street,Mount Pleasant,MI,48858,989-773-5797,1950/02/13,Paul.A.Tavares@mailinator.com
762,female,Cheryl,C,Frost,2266 Hide A Way Road,San Jose,CA,95134,408-216-5983,1943/04/07,Cheryl.C.Frost@dodgit.com
763,female,Claire,D,Hottinger,3636 Smith Road,Dunwoody,GA,30338,770-913-4262,1976/02/13,Claire.D.Hottinger@spambob.com
764,female,Jennifer,B,Osborn,3150 Walnut Drive,Grafton,ND,58237,701-352-5615,1948/03/31,Jennifer.B.Osborn@mailinator.com
765,male,Mike,K,Mallard,2786 Brookview Drive,Santa Clara,CA,95054,408-988-6938,1957/01/31,Mike.K.Mallard@dodgit.com
766,female,Lia,M,Clark,4722 Haul Road,Minneapolis,MN,55415,651-248-1119,1959/07/19,Lia.M.Clark@pookmail.com
767,male,George,J,Williams,3619 Still Street,Norwalk,OH,44857,419-660-3971,1978/05/08,George.J.Williams@dodgit.com
768,male,Robert,M,Good,3607 Court Street,Chesterfield,MO,63005,636-736-2664,1963/09/02,Robert.M.Good@pookmail.com
769,male,Bill,P,Eilerman,2390 Woodland Drive,Schaumburg,IL,60173,708-977-7100,1948/08/07,Bill.P.Eilerman@pookmail.com
770,female,Vivian,T,Moore,2822 Poplar Avenue,San Diego,CA,92105,619-501-5796,1965/07/08,Vivian.T.Moore@mailinator.com
771,male,Franklin,E,Sanchez,4190 Turnpike Drive,Delta,AL,36258,256-402-7395,1949/02/26,Franklin.E.Sanchez@spambob.com
772,male,Billy,A,Day,3238 Moore Avenue,Fort Worth,TX,76106,817-764-0125,1957/10/12,Billy.A.Day@spambob.com
773,female,Rosa,H,Alvarez,944 Deercove Drive,Philadelphia,PA,19121,215-232-7234,1984/05/24,Rosa.H.Alvarez@spambob.com
774,male,Kenneth,K,Johnson,2367 Burke Street,Boston,MA,2210,781-295-1854,1971/10/26,Kenneth.K.Johnson@pookmail.com
775,female,Rebecca,M,Gross,3944 Graystone Lakes,Macon,GA,31213,478-318-6543,1963/02/09,Rebecca.M.Gross@mailinator.com
776,male,Todd,H,Rea,3654 D Street,Westland,MI,48185,586-531-1985,1966/11/01,Todd.H.Rea@dodgit.com
777,female,Patrice,E,Lindsey,4369 Pratt Avenue,Seattle,WA,98161,360-935-6623,1960/03/26,Patrice.E.Lindsey@spambob.com
778,female,Sharon,R,Brown,3181 Beechwood Drive,Bridgeville,PA,15017,412-221-2657,1982/08/09,Sharon.R.Brown@spambob.com
779,female,Stacey,G,Roland,415 Ashford Drive,Alexandria,VA,22304,703-635-3505,1947/06/15,Stacey.G.Roland@mailinator.com
780,female,Christine,J,Brousseau,108 Philli Lane,Tulsa,OK,74136,918-493-8346,1975/10/25,Christine.J.Brousseau@mailinator.com
781,female,Kathy,G,Humphries,689 Swick Hill Street,New Orleans,LA,70112,985-222-6505,1976/02/05,Kathy.G.Humphries@dodgit.com
782,male,Gene,G,Sager,3459 Friendship Lane,San Martin,CA,95046,408-695-3676,1974/08/19,Gene.G.Sager@spambob.com
783,female,Raquel,W,Bernard,3474 Brooke Street,Houston,TX,77025,713-661-7792,1969/01/17,Raquel.W.Bernard@dodgit.com
784,male,Charles,J,Ritchey,558 Oakridge Farm Lane,West Allis,WI,53227,262-368-7331,1940/08/13,Charles.J.Ritchey@pookmail.com
785,female,Maxine,B,Silva,2291 Public Works Drive,Knoxville,TN,37917,423-307-1738,1953/05/09,Maxine.B.Silva@pookmail.com
786,female,Christina,M,Peters,2762 Willis Avenue,Live Oak,FL,32064,386-364-5613,1973/01/09,Christina.M.Peters@pookmail.com
787,male,John,P,Young,4976 Thompson Drive,Concord,CA,94520,510-461-8707,1945/03/15,John.P.Young@trashymail.com
788,male,Michael,J,Woodard,4039 Conference Center Way,Plains,PA,18705,570-975-4921,1958/05/16,Michael.J.Woodard@dodgit.com
789,male,Marvin,V,Osullivan,3550 Findley Avenue,Mchenry,ND,58464,701-785-7937,1947/01/11,Marvin.V.Osullivan@dodgit.com
790,male,Juan,L,Wallace,3119 Denver Avenue,Riverside,CA,92501,951-342-8537,1944/03/28,Juan.L.Wallace@trashymail.com
791,male,Frank,L,Ryan,487 Half and Half Drive,Burrel,CA,93607,559-866-2095,1942/01/17,Frank.L.Ryan@trashymail.com
792,male,Ivory,D,Beall,3697 Hartland Avenue,Waukesha,WI,53188,920-313-0219,1960/11/12,Ivory.D.Beall@spambob.com
793,male,Robert,E,Christenson,2807 Goldie Lane,Cincinnati,OH,45227,513-358-1853,1959/10/05,Robert.E.Christenson@pookmail.com
794,female,Erin,F,Stigall,341 Hillcrest Lane,El Toro,CA,92630,949-951-2127,1984/02/25,Erin.F.Stigall@spambob.com
795,female,Nancy,L,Bakken,3934 Pretty View Lane,Santa Rosa,CA,95401,707-808-5051,1961/03/01,Nancy.L.Bakken@mailinator.com
796,female,Antonette,R,Mcclendon,1582 Hickory Lane,Adelphi,DC,20783,202-494-2238,1954/04/14,Antonette.R.Mcclendon@spambob.com
797,male,Terrence,D,Carr,2201 Crosswind Drive,Henderson,KY,42420,270-869-5540,1969/11/09,Terrence.D.Carr@trashymail.com
798,male,Benny,R,Padilla,3092 Milford Street,Portsmouth,NH,3801,603-658-5068,1962/03/05,Benny.R.Padilla@mailinator.com
799,female,Carolyn,J,Doyle,4269 Matthews Street,Dover,IL,61337,815-643-2446,1978/03/26,Carolyn.J.Doyle@mailinator.com
800,female,Carol,J,Jean,988 George Street,Williston,FL,32696,352-529-3374,1954/12/01,Carol.J.Jean@spambob.com
801,male,Scott,J,Harden,1664 Moore Avenue,Dallas,TX,75234,817-703-9347,1979/03/03,Scott.J.Harden@mailinator.com
802,male,Florencio,E,Sargent,1912 Jerome Avenue,Harlingen,TX,78550,956-275-2915,1947/04/09,Florencio.E.Sargent@dodgit.com
803,female,Angel,B,Ramsey,2302 Carter Street,Centralia,IL,62801,618-716-7009,1970/07/24,Angel.B.Ramsey@mailinator.com
804,female,Heidi,J,Stoneking,4712 Brannon Avenue,Jacksonville,FL,32207,904-875-7007,1971/12/09,Heidi.J.Stoneking@trashymail.com
805,male,Larry,C,Hinnenkamp,189 Cambridge Court,Phoenix,AZ,85034,480-202-8631,1944/03/09,Larry.C.Hinnenkamp@spambob.com
806,male,Thomas,S,Wan,4471 Oak Street,Syracuse,NY,13202,315-293-6336,1949/06/23,Thomas.S.Wan@dodgit.com
807,female,Rachelle,C,Yazzie,4596 Coulter Lane,Richmond,VA,23219,804-253-4037,1979/07/15,Rachelle.C.Yazzie@spambob.com
808,male,Frank,K,Mueller,781 Emeral Dreams Drive,Freeport,IL,61032,815-233-8780,1974/11/11,Frank.K.Mueller@mailinator.com
809,male,Lee,D,Ball,4902 Rafe Lane,Jackson,MS,39213,662-695-9168,1947/07/25,Lee.D.Ball@mailinator.com
810,male,William,S,Richardson,3849 Northwest Boulevard,Washington,DC,20005,202-219-1046,1940/10/29,William.S.Richardson@pookmail.com
811,male,Michael,P,Burris,1115 Clarence Court,Wilmington,NC,28401,910-239-8578,1977/05/18,Michael.P.Burris@spambob.com
812,female,Yvonne,N,Staton,4785 Hickman Street,Bensenville,IL,60106,630-467-5784,1968/03/07,Yvonne.N.Staton@spambob.com
813,female,Dorothy,M,Knight,4544 Wilson Avenue,Dallas,TX,75240,972-450-8166,1962/09/09,Dorothy.M.Knight@mailinator.com
814,female,Jamie,N,Glover,148 Tator Patch Road,Chicago,IL,60610,312-944-2125,1971/10/27,Jamie.N.Glover@dodgit.com
815,female,Marie,T,Turner,1938 Shingleton Road,Grand Junction,MI,49056,269-434-2605,1940/06/03,Marie.T.Turner@pookmail.com
816,male,Max,M,Dunlap,4551 Perry Street,Clio,MI,48420,810-564-8306,1984/08/02,Max.M.Dunlap@pookmail.com
817,female,Barbara,L,Ferrell,838 Bastin Drive,Allentown,PA,18109,484-765-8891,1978/11/04,Barbara.L.Ferrell@pookmail.com
818,male,Josh,M,Martin,4347 Flinderation Road,Chicago,IL,60605,708-365-2449,1948/06/16,Josh.M.Martin@mailinator.com
819,male,Eric,B,Fancher,2323 Ella Street,Fremont,CA,94539,650-268-7197,1958/12/28,Eric.B.Fancher@mailinator.com
820,male,Charles,K,Christensen,67 Station Street,Walnut Creek,CA,94597,510-969-7093,1979/12/01,Charles.K.Christensen@mailinator.com
821,female,Diana,C,Perez,331 Jadewood Drive,Chicago,IL,60605,224-430-5107,1953/03/03,Diana.C.Perez@trashymail.com
822,female,Lucille,A,Amaro,2897 Elm Drive,New York,NY,10011,646-403-0902,1953/08/27,Lucille.A.Amaro@spambob.com
823,male,Shawn,R,Heberling,3427 Arlington Avenue,Camden,AR,71701,870-231-2997,1967/05/26,Shawn.R.Heberling@dodgit.com
824,female,Annie,C,Gracia,3378 Paradise Lane,Pomona,CA,91766,909-713-6670,1972/12/15,Annie.C.Gracia@mailinator.com
825,female,Kathryn,G,Garcia,3370 Oliverio Drive,Bushton,KS,67427,620-562-3828,1962/02/12,Kathryn.G.Garcia@pookmail.com
826,male,Armando,S,Marquez,1171 Yorkie Lane,Midway,GA,31320,912-880-0521,1953/04/18,Armando.S.Marquez@dodgit.com
827,female,Catherine,J,Draughn,4748 Locust Street,Americus,GA,31709,229-939-3593,1963/10/19,Catherine.J.Draughn@spambob.com
828,female,Roxie,W,Riley,3043 Better Street,Savannah,GA,31405,912-996-6855,1950/01/26,Roxie.W.Riley@mailinator.com
829,female,Frances,J,Crowder,1291 Scenic Way,Bethany,IL,61914,217-665-4631,1956/10/10,Frances.J.Crowder@trashymail.com
830,male,Bobby,S,Johnston,676 Meadowbrook Mall Road,Los Angeles,CA,90024,310-794-2263,1971/12/15,Bobby.S.Johnston@pookmail.com
831,male,Thomas,A,Salgado,1489 Denver Avenue,Elsinore,CA,92330,951-471-5294,1952/11/15,Thomas.A.Salgado@pookmail.com
832,male,Russell,G,Mcelroy,3327 Khale Street,Charleston,SC,29407,843-556-4241,1982/06/10,Russell.G.Mcelroy@trashymail.com
833,female,Amber,P,Beam,354 Benson Park Drive,Oklahoma City,OK,73008,405-440-7692,1974/05/03,Amber.P.Beam@pookmail.com
834,female,Jean,R,King,2284 Oakwood Avenue,Manhattan,NY,10016,212-689-7971,1962/10/13,Jean.R.King@mailinator.com
835,male,Alonzo,S,King,1687 Geraldine Lane,Bethpage,NY,11714,646-273-0908,1947/06/24,Alonzo.S.King@dodgit.com
836,male,Thomas,H,Trembley,2289 Renwick Drive,Allentown,PA,18106,484-285-7832,1966/11/25,Thomas.H.Trembley@pookmail.com
837,female,Alice,K,Salem,1542 Zappia Drive,Springfield,KY,40069,859-336-9440,1969/09/06,Alice.K.Salem@dodgit.com
838,male,Jose,R,Solum,2010 Hall Street,Las Vegas,NV,89101,702-477-8230,1948/08/29,Jose.R.Solum@spambob.com
839,male,Terry,M,Primm,447 Terra Cotta Street,Gonvick,MN,56644,218-487-4380,1973/09/18,Terry.M.Primm@pookmail.com
840,male,Todd,F,Blanchard,2865 George Street,Old Town,FL,32680,352-542-1926,1973/09/28,Todd.F.Blanchard@pookmail.com
841,female,Marian,T,Laliberte,1739 Carolyns Circle,Dallas,TX,75247,214-732-0804,1971/12/02,Marian.T.Laliberte@mailinator.com
842,male,James,F,Messick,1270 Rockwell Lane,Rocky Mount,NC,27801,252-627-9882,1960/05/09,James.F.Messick@mailinator.com
843,female,Elaine,S,Edwards,3217 Davis Place,Ashland,OH,44805,419-207-9408,1950/10/28,Elaine.S.Edwards@mailinator.com
844,female,Heidi,J,Brown,1423 Oakwood Circle,Santa Ana,CA,92705,949-326-6745,1945/09/10,Heidi.J.Brown@trashymail.com
845,male,Harold,M,Tripp,2990 Butternut Lane,Percy,IL,62272,618-497-9315,1945/02/16,Harold.M.Tripp@spambob.com
846,female,Anna,T,Alvarado,3921 Orphan Road,Buffalo,NY,14202,716-238-3841,1943/02/07,Anna.T.Alvarado@trashymail.com
847,female,Lucienne,J,Cole,1550 Lakewood Drive,Newark,NJ,7102,201-812-4974,1955/05/20,Lucienne.J.Cole@trashymail.com
848,female,Jewell,J,Bowens,4753 Parker Drive,Garfield Heights,OH,44125,216-704-3943,1982/07/04,Jewell.J.Bowens@mailinator.com
849,female,Alicia,W,Glenn,2065 George Avenue,Mobile,AL,36602,251-375-3149,1963/01/21,Alicia.W.Glenn@pookmail.com
850,male,Albert,C,Chavez,2661 Crowfield Road,Phoenix,AZ,85032,602-765-7962,1953/02/11,Albert.C.Chavez@trashymail.com
851,female,Laura,P,Robison,2340 White Avenue,Corpus Christi,TX,78405,361-654-6885,1956/07/06,Laura.P.Robison@mailinator.com
852,female,Sandra,B,Lantz,2614 Sycamore Fork Road,Pompano Beach,FL,33064,954-214-4597,1976/05/12,Sandra.B.Lantz@pookmail.com
853,male,William,J,Hewitt,22 Poplar Chase Lane,Spokane,ID,99202,208-305-0349,1965/05/10,William.J.Hewitt@spambob.com
854,male,Larry,D,Roman,745 Byers Lane,Weaverville,CA,96093,530-784-8566,1944/07/31,Larry.D.Roman@spambob.com
855,female,Cassie,I,Latham,2062 Broadway Avenue,Greeneville,TN,37745,423-787-3487,1983/07/08,Cassie.I.Latham@spambob.com
856,female,Joyce,D,Gary,2150 Conifer Drive,Seattle,WA,98109,425-496-6321,1969/07/06,Joyce.D.Gary@mailinator.com
857,male,Jeffery,S,Scott,2015 Par Drive,San Luis Obispo,CA,93401,805-784-9284,1974/02/23,Jeffery.S.Scott@spambob.com
858,female,Charlene,M,Breeden,949 Public Works Drive,Oakdale,TN,37829,423-369-5477,1955/04/07,Charlene.M.Breeden@pookmail.com
859,male,Michael,S,Ramsey,240 Kelley Road,Biloxi,MS,39530,228-523-3413,1954/10/16,Michael.S.Ramsey@pookmail.com
860,female,Tracey,K,Jackson,1289 Evergreen Lane,Rancho Dominguez,CA,90220,323-636-2223,1955/02/20,Tracey.K.Jackson@dodgit.com
861,female,Tina,R,Green,3913 Raccoon Run,Seattle,WA,98133,206-919-7230,1972/06/19,Tina.R.Green@mailinator.com
862,female,Lee,R,Sommer,4434 Cost Avenue,Beltsville,MD,20705,301-426-3194,1958/08/01,Lee.R.Sommer@mailinator.com
863,female,Sally,B,Ross,2260 Hummingbird Way,Bedford,MA,1730,781-908-4665,1954/05/28,Sally.B.Ross@mailinator.com
864,male,Juan,M,Braden,3180 Dovetail Drive,Lake Forest,IL,60045,847-283-2646,1950/03/01,Juan.M.Braden@trashymail.com
865,female,Patricia,M,Jones,4038 Briarwood Road,Blue Eye,MO,65611,417-779-4124,1940/09/26,Patricia.M.Jones@mailinator.com
866,male,Joshua,G,Beane,3731 Graystone Lakes,Midville,GA,30441,478-589-1208,1966/09/28,Joshua.G.Beane@mailinator.com
867,female,Tamara,D,Frazier,3277 Pringle Drive,Chicago,IL,60610,312-396-9126,1979/12/26,Tamara.D.Frazier@pookmail.com
868,male,David,J,Balderas,3007 Kidd Avenue,Glennallen,AK,99588,907-822-3504,1968/04/11,David.J.Balderas@mailinator.com
869,female,Ann,I,Noonan,3807 Red Bud Lane,Newark,NJ,7102,862-902-9487,1960/08/24,Ann.I.Noonan@mailinator.com
870,male,Curtis,G,Jones,4969 Golden Street,Opa Locka,FL,33056,305-627-8694,1981/05/04,Curtis.G.Jones@spambob.com
871,male,James,D,Willett,1464 Scheuvront Drive,Centennial,CO,80111,303-488-2823,1945/08/28,James.D.Willett@trashymail.com
872,female,Genevieve,L,Mancha,2847 Godfrey Street,Oregon City,OR,97045,503-655-4524,1946/09/03,Genevieve.L.Mancha@trashymail.com
873,female,Jackie,R,Ruby,3705 Sardis Station,Golden Valley,MN,55427,612-581-1454,1973/10/08,Jackie.R.Ruby@pookmail.com
874,female,Marie,S,Deguzman,2374 Willis Avenue,New Smyrna Beach,FL,32069,386-409-6009,1971/12/29,Marie.S.Deguzman@trashymail.com
875,male,Harry,L,Miller,4729 Masonic Hill Road,Little Rock,AR,72212,501-539-5195,1963/05/14,Harry.L.Miller@mailinator.com
876,male,Daniel,A,Jones,2070 Hillview Street,Columbia,SC,29201,803-705-6024,1973/01/17,Daniel.A.Jones@trashymail.com
877,female,Barbara,C,Spicher,2181 My Drive,Garden City,NY,11530,347-231-4698,1953/05/10,Barbara.C.Spicher@pookmail.com
878,female,Heather,D,Young,4054 Centennial Farm Road,Lewis,IA,51544,712-769-7200,1943/04/09,Heather.D.Young@mailinator.com
879,female,Marion,N,Cross,1866 Lauren Drive,Pardeeville,WI,53954,608-429-8760,1949/09/24,Marion.N.Cross@dodgit.com
880,male,George,L,Allen,4998 Hog Camp Road,Crestwood,IL,60445,708-473-7439,1955/12/08,George.L.Allen@pookmail.com
881,female,Jane,A,Moore,3748 Burwell Heights Road,Beaumont,TX,77701,409-622-1354,1964/03/22,Jane.A.Moore@dodgit.com
882,female,Linda,J,Page,2621 Ford Street,San Francisco,CA,94108,408-506-4009,1979/06/23,Linda.J.Page@trashymail.com
883,male,Norman,M,Gallant,4872 James Martin Circle,Columbus,OH,43215,614-349-6083,1949/06/21,Norman.M.Gallant@mailinator.com
884,male,David,P,Vick,3900 Reel Avenue,Albuquerque,NM,87111,505-350-5234,1946/08/13,David.P.Vick@spambob.com
885,female,Barbara,C,Logan,825 Derek Drive,Stone Creek,OH,43840,330-340-8535,1963/09/24,Barbara.C.Logan@pookmail.com
886,female,Joann,J,Mccullough,1810 Cabell Avenue,Alexandria,VA,22301,703-549-4039,1966/02/17,Joann.J.Mccullough@trashymail.com
887,male,Matthew,V,Cothran,3007 Johnson Street,Raleigh,NC,27616,919-926-0575,1941/06/24,Matthew.V.Cothran@dodgit.com
888,male,Robert,K,Layne,2150 Gregory Lane,Louisville,KY,40205,502-478-7493,1976/02/17,Robert.K.Layne@pookmail.com
889,female,Deloris,D,Browning,1734 Still Pastures Drive,Sumter,SC,29150,803-495-9536,1950/10/07,Deloris.D.Browning@mailinator.com
890,female,Carmen,C,Baker,3653 Florence Street,Van Alstyne,TX,75095,903-482-5360,1983/01/30,Carmen.C.Baker@spambob.com
891,male,Dan,J,Scott,1965 Black Stallion Road,Cincinnati,KY,45249,859-468-1848,1984/06/29,Dan.J.Scott@spambob.com
892,male,John,T,Chun,1470 Victoria Street,Baton Rouge,LA,70811,225-262-7204,1956/10/29,John.T.Chun@trashymail.com
893,female,Dale,J,Lopez,877 John Daniel Drive,Bunker,MO,63629,573-689-5552,1985/05/13,Dale.J.Lopez@dodgit.com
894,male,Luis,B,Housman,39 Prospect Valley Road,Gardena,CA,90248,310-977-1824,1951/01/20,Luis.B.Housman@pookmail.com
895,female,Tammy,P,Scruggs,367 Hampton Meadows,Franklin,MA,2038,978-324-1253,1966/02/21,Tammy.P.Scruggs@spambob.com
896,female,Patricia,T,Gonzalez,4820 Cantebury Drive,New York,NY,10007,646-587-4807,1967/02/04,Patricia.T.Gonzalez@spambob.com
897,male,Alexander,L,Winters,552 Still Street,Mansfield,OH,44902,419-718-9455,1971/06/11,Alexander.L.Winters@pookmail.com
898,male,George,B,Brown,4020 Colonial Drive,Houston,TX,77036,979-859-5420,1959/03/17,George.B.Brown@pookmail.com
899,male,Brent,D,Strickler,4207 Arthur Avenue,Maple Park,IL,60151,815-827-9742,1980/12/09,Brent.D.Strickler@pookmail.com
900,female,Alicia,W,Power,4907 Giraffe Hill Drive,Garland,TX,75041,972-271-1334,1958/12/30,Alicia.W.Power@mailinator.com
901,female,Tanya,D,Clapp,679 Locust Street,Valdosta,GA,31601,229-796-1492,1940/10/12,Tanya.D.Clapp@trashymail.com
902,male,Gary,S,Smith,4904 Ocello Street,San Diego,CA,92121,619-873-3967,1943/06/26,Gary.S.Smith@pookmail.com
903,female,Dorothy,C,Flores,403 Paradise Lane,Pomona,CA,91766,909-718-2471,1955/05/14,Dorothy.C.Flores@spambob.com
904,male,Angel,T,Valenzuela,4341 Meadow View Drive,West Hartford,CT,6105,860-586-0020,1952/03/25,Angel.T.Valenzuela@mailinator.com
905,female,Joyce,J,Guernsey,999 Lake Floyd Circle,Washington,MD,20011,301-960-4386,1955/03/22,Joyce.J.Guernsey@spambob.com
906,female,Patsy,F,Maguire,2131 Marietta Street,Concord,CA,94520,707-529-0918,1953/09/01,Patsy.F.Maguire@mailinator.com
907,male,Michael,C,Wong,3121 Harvest Lane,Bakersfield,CA,93301,661-201-4578,1955/04/22,Michael.C.Wong@mailinator.com
908,male,Howard,C,Hartsell,388 Myra Street,Providence,RI,2908,401-512-9958,1957/09/11,Howard.C.Hartsell@dodgit.com
909,male,Daniel,D,Shelton,4316 Brooklyn Street,Eugene,OR,97401,541-230-9831,1952/04/25,Daniel.D.Shelton@trashymail.com
910,male,Ken,P,Tucci,1271 Snowbird Lane,Fairbury,NE,68352,402-729-2150,1944/06/13,Ken.P.Tucci@mailinator.com
911,female,Eileen,C,Melendez,3761 Sharon Lane,South Bend,IN,46635,574-271-4239,1962/11/18,Eileen.C.Melendez@pookmail.com
912,female,Guadalupe,W,Thomas,837 Barnes Avenue,Batavia,OH,45103,513-735-6956,1940/03/09,Guadalupe.W.Thomas@pookmail.com
913,male,Peter,I,Courson,3516 Grove Avenue,Ada,OK,74820,580-310-8165,1958/09/10,Peter.I.Courson@dodgit.com
914,male,Will,P,Harris,4772 Science Center Drive,Boise,ID,83705,208-573-3810,1967/10/11,Will.P.Harris@pookmail.com
915,female,Kathy,M,Rodriguez,3741 Crestview Terrace,San Antonio,TX,78217,830-822-3819,1971/02/10,Kathy.M.Rodriguez@pookmail.com
916,female,Amber,R,Hall,2133 Juniper Drive,Bay City,MI,48706,989-824-9690,1940/03/28,Amber.R.Hall@trashymail.com
917,male,Louis,D,Smith,1600 Glendale Avenue,Fullerton,CA,93632,818-634-8632,1980/01/09,Louis.D.Smith@dodgit.com
918,female,Tina,A,Morris,3425 Sycamore Road,Roseburg,OR,97470,541-450-2995,1963/05/06,Tina.A.Morris@trashymail.com
919,male,Julian,N,Ortega,2171 Gorby Lane,De Kalb,MS,39328,601-290-1952,1971/04/07,Julian.N.Ortega@trashymail.com
920,female,Carmen,L,Hart,841 Atha Drive,Quartz Hill,CA,93534,661-718-0464,1981/09/12,Carmen.L.Hart@dodgit.com
921,male,Ronald,K,Galvan,4244 Nutter Street,Kansas City,MO,64106,816-274-2196,1984/03/31,Ronald.K.Galvan@dodgit.com
922,male,Dana,C,Mclain,2748 Chandler Hollow Road,Carnegie,PA,15106,412-429-7366,1977/07/12,Dana.C.Mclain@pookmail.com
923,female,Diana,C,Davis,1966 Edgewood Road,El Dorado,AR,71730,870-962-2303,1940/03/02,Diana.C.Davis@spambob.com
924,male,Leonard,S,Williams,4114 Jacobs Street,Bridgeville,PA,15017,412-287-1277,1942/05/12,Leonard.S.Williams@spambob.com
925,female,Rose,D,Robinson,2321 Private Lane,Albany,GA,31707,229-349-6299,1983/06/23,Rose.D.Robinson@dodgit.com
926,female,Barbara,F,Wong,2793 Geneva Street,New York,NY,10016,917-425-1034,1969/12/11,Barbara.F.Wong@trashymail.com
927,female,Esther,T,Goff,2944 Richison Drive,Chinook,MT,59523,406-357-3755,1963/03/06,Esther.T.Goff@pookmail.com
928,female,Gwen,A,Robinson,1419 Cedar Street,Little Rock,AR,72201,870-803-6828,1944/04/27,Gwen.A.Robinson@dodgit.com
929,female,Karen,R,Kwon,4681 Meadow Drive,Great Falls,MT,59401,406-231-7366,1960/03/13,Karen.R.Kwon@pookmail.com
930,female,Sarah,W,Perry,769 Garrett Street,Philadelphia,PA,19108,267-973-4187,1940/03/16,Sarah.W.Perry@dodgit.com
931,male,Mike,S,Presswood,248 Wakefield Street,Bensalem,PA,19020,215-373-9124,1962/09/05,Mike.S.Presswood@dodgit.com
932,female,Gloria,J,Meyer,3921 Forest Drive,Arlington,VA,22202,703-872-6773,1946/03/09,Gloria.J.Meyer@mailinator.com
933,male,Ronald,R,Pettigrew,1536 Browning Lane,Corning,NY,14830,607-769-1012,1969/01/20,Ronald.R.Pettigrew@dodgit.com
934,male,Robert,T,Owens,4388 Willow Greene Drive,Troy,AL,36079,334-268-0249,1958/05/16,Robert.T.Owens@mailinator.com
935,female,Margaret,T,Wall,1518 Stewart Street,Indianapolis,IN,46256,317-677-3496,1976/05/30,Margaret.T.Wall@dodgit.com
936,male,Jordan,K,Danielson,791 Buck Drive,Salt Lake City,UT,84104,801-940-7092,1984/12/14,Jordan.K.Danielson@mailinator.com
937,male,Rafael,D,Wilkinson,4029 Terra Street,Seattle,WA,98161,360-283-9436,1959/08/29,Rafael.D.Wilkinson@spambob.com
938,female,Myrtle,G,Dupont,2031 Broad Street,Ragland,AL,35243,205-472-2472,1953/09/14,Myrtle.G.Dupont@spambob.com
939,female,Traci,S,Olsen,2524 Palmer Road,Worthington,OH,43085,614-655-8386,1970/01/06,Traci.S.Olsen@dodgit.com
940,male,Armando,R,Willard,3146 Stutler Lane,State College,PA,16801,814-409-7148,1945/10/25,Armando.R.Willard@trashymail.com
941,female,Lois,D,Yunker,1996 Saint Francis Way,Eagleville,PA,19403,267-205-9264,1950/02/22,Lois.D.Yunker@trashymail.com
942,male,William,B,Williams,2844 Massachusetts Avenue,Washington,DC,20020,202-757-7802,1984/12/19,William.B.Williams@trashymail.com
943,female,Jasmine,G,Clark,2392 Massachusetts Avenue,Washington,DC,20005,202-724-7050,1965/11/04,Jasmine.G.Clark@mailinator.com
944,female,Judy,G,Morrison,1072 Dane Street,Spokane,WA,99201,509-272-0606,1954/07/12,Judy.G.Morrison@pookmail.com
945,male,Jimmie,S,Dimartino,3341 Oak Drive,Indian Lake,NY,12842,518-648-6941,1949/03/18,Jimmie.S.Dimartino@pookmail.com
946,female,Sue,S,Rushing,2137 Sigley Road,Burlingame,KS,66413,785-654-0944,1966/02/07,Sue.S.Rushing@trashymail.com
947,female,Irene,C,Hidalgo,1965 Moore Avenue,Fort Worth,TX,76106,817-766-8125,1965/08/19,Irene.C.Hidalgo@trashymail.com
948,male,Marvin,L,Reese,2497 Oak Way,Omaha,NE,68111,402-453-3506,1984/12/26,Marvin.L.Reese@spambob.com
949,female,Perla,J,Sauve,4227 Byers Lane,Yuba City,CA,95991,530-822-8536,1983/03/13,Perla.J.Sauve@pookmail.com
950,female,Sara,S,Kaul,4414 Rainbow Road,Los Angeles,CA,90017,626-268-0532,1959/08/05,Sara.S.Kaul@spambob.com
951,female,Karen,G,Goulart,2910 Scheuvront Drive,Northglenn,CO,80221,303-538-4787,1948/05/19,Karen.G.Goulart@dodgit.com
952,female,Ashley,D,Wills,2602 Marie Street,Baltimore,MD,21202,410-919-9483,1981/05/29,Ashley.D.Wills@pookmail.com
953,male,George,E,Concepcion,1123 Clay Lick Road,Boulder,CO,80302,720-564-3051,1973/05/20,George.E.Concepcion@dodgit.com
954,male,William,J,Skalski,3092 Duff Avenue,South Burlington,VT,5403,802-451-0207,1982/05/07,William.J.Skalski@trashymail.com
955,male,Paul,R,Loftis,2638 Wilkinson Street,Nashville,TN,37212,615-385-0750,1945/08/19,Paul.R.Loftis@pookmail.com
956,female,Doris,R,Pennington,242 Harper Street,Fulton,KY,42041,270-468-9351,1951/05/08,Doris.R.Pennington@dodgit.com
957,female,Roseanna,W,Fierro,4946 John Calvin Drive,Chicago,IL,60607,708-937-3244,1954/05/10,Roseanna.W.Fierro@pookmail.com
958,male,Tim,K,Long,1261 Renwick Drive,Philadelphia,PA,19108,484-249-2790,1957/12/26,Tim.K.Long@trashymail.com
959,female,Gina,J,Davis,2536 Lakewood Drive,Ramsey,NJ,7446,201-828-0489,1942/01/18,Gina.J.Davis@spambob.com
960,male,James,D,Kelley,581 Davis Avenue,Santa Rosa,CA,95401,707-767-5562,1985/07/21,James.D.Kelley@pookmail.com
961,female,Katheleen,J,Pollack,784 Wolf Pen Road,San Mateo,CA,94403,650-432-3823,1967/01/04,Katheleen.J.Pollack@trashymail.com
962,female,Leanna,M,Flakes,4138 Oak Lane,Leavenworth,MO,66048,660-787-8666,1969/09/05,Leanna.M.Flakes@trashymail.com
963,male,Erasmo,E,Bowie,2897 Fowler Avenue,Griffin,GA,30224,770-228-8501,1942/02/18,Erasmo.E.Bowie@trashymail.com
964,male,Gene,S,Simon,1205 Eagle Street,Collinsville,IL,62234,618-390-3605,1978/06/29,Gene.S.Simon@trashymail.com
965,female,Mary,J,Fitzmaurice,3043 Despard Street,East Point,GA,30344,404-773-5514,1960/07/21,Mary.J.Fitzmaurice@pookmail.com
966,female,Debra,G,Vogel,3424 Jarvisville Road,Hicksville,NY,11801,516-931-5546,1952/11/01,Debra.G.Vogel@trashymail.com
967,female,Misty,A,Siegel,2774 Stoneybrook Road,Longwood,FL,32750,321-689-5628,1965/09/07,Misty.A.Siegel@spambob.com
968,male,Larry,S,Cahoon,3639 Boggess Street,Bartonville,TX,76226,940-241-3418,1980/03/18,Larry.S.Cahoon@pookmail.com
969,female,Irene,H,Black,4808 Powder House Road,West Palm Beach,FL,33401,561-653-9983,1944/10/05,Irene.H.Black@pookmail.com
970,female,Rebecca,T,Cook,1308 Elk Creek Road,Woodstock,GA,30188,770-517-9005,1971/02/26,Rebecca.T.Cook@dodgit.com
971,female,Desiree,R,Nichols,2963 Thunder Road,Palo Alto,CA,94301,650-498-9964,1975/03/18,Desiree.R.Nichols@pookmail.com
972,male,Cristobal,M,Dehn,4800 Peck Court,Los Angeles,CA,90017,949-525-4634,1976/08/17,Cristobal.M.Dehn@pookmail.com
973,female,Helen,C,Foster,1773 Hog Camp Road,Park Forest,IL,60466,708-481-8330,1957/04/19,Helen.C.Foster@mailinator.com
974,female,Kara,T,Higa,4546 Pooz Street,New Brunswick,NJ,8901,732-220-0324,1949/09/26,Kara.T.Higa@spambob.com
975,female,Rosemary,M,Johnson,1506 Horizon Circle,Tacoma,WA,98402,253-686-0927,1951/03/19,Rosemary.M.Johnson@mailinator.com
976,male,Allan,D,Ferguson,4138 Scenic Way,Springfield,IL,62701,217-744-0255,1948/12/23,Allan.D.Ferguson@pookmail.com
977,male,Richard,J,Roberts,4714 Earnhardt Drive,Louisville,KY,40202,502-736-2384,1962/02/03,Richard.J.Roberts@trashymail.com
978,female,Emma,B,Wieland,1239 Oakwood Avenue,New York,NY,10019,212-664-9692,1952/10/22,Emma.B.Wieland@dodgit.com
979,female,Robin,R,Carroll,4046 Waterview Lane,Santa Fe,NM,87501,505-476-6285,1951/06/25,Robin.R.Carroll@pookmail.com
980,male,Andrea,A,Diggs,2007 Masonic Drive,Saco,MT,59261,406-527-6739,1945/08/08,Andrea.A.Diggs@pookmail.com
981,male,Juan,E,Bettencourt,4776 Bartlett Avenue,Farmington Hills,MI,48331,248-489-4857,1945/08/21,Juan.E.Bettencourt@pookmail.com
982,female,Louann,R,Spray,3076 Pearlman Avenue,Worcester,MA,1608,978-291-2820,1979/11/27,Louann.R.Spray@dodgit.com
983,female,Joanne,F,Yang,4214 Willow Greene Drive,Lowndesboro,AL,36752,334-278-9939,1956/04/20,Joanne.F.Yang@trashymail.com
984,male,Percy,L,Crews,3808 Wilson Street,Crowley Lake,CA,93514,760-935-5318,1966/06/03,Percy.L.Crews@pookmail.com
985,female,Dorothy,T,Tolman,4037 Edsel Road,Granada Hills,CA,91344,818-366-2797,1958/04/09,Dorothy.T.Tolman@mailinator.com
986,female,Maryellen,M,Ambrose,4366 Medical Center Drive,Plant City,FL,33566,941-504-0480,1955/09/20,Maryellen.M.Ambrose@pookmail.com
987,female,Eva,T,Sancho,1329 Hartway Street,Highmore,SD,57345,605-852-3485,1958/03/11,Eva.T.Sancho@mailinator.com
988,female,Leona,M,Douglas,280 Langtown Road,Toledo,OH,43604,567-205-7645,1968/04/30,Leona.M.Douglas@mailinator.com
989,female,Eulalia,D,Bragg,1752 Irish Lane,Waunakee,WI,53597,608-849-3410,1949/04/13,Eulalia.D.Bragg@dodgit.com
990,male,Brent,R,Reynolds,2635 Kooter Lane,Charlotte,NC,28217,704-404-3473,1976/03/04,Brent.R.Reynolds@spambob.com
991,male,Daniel,S,Bennett,2690 Oakmound Drive,Chicago,IL,60626,773-381-3039,1954/08/08,Daniel.S.Bennett@trashymail.com
992,female,Mitzie,P,Shaw,4731 Rocket Drive,Minneapolis,MN,55409,612-824-5205,1945/04/22,Mitzie.P.Shaw@dodgit.com
993,male,Jeffrey,S,Guzman,2945 Rowes Lane,Bowling Green,KY,42103,270-606-8865,1949/09/02,Jeffrey.S.Guzman@spambob.com
994,female,Roxanne,R,Marek,1128 Pooh Bear Lane,Greenville,SC,29601,864-766-9078,1970/01/21,Roxanne.R.Marek@trashymail.com
995,female,Patricia,R,Deluca,3096 Essex Court,Essex Junction,VT,5452,802-370-0028,1949/10/04,Patricia.R.Deluca@dodgit.com
996,male,Richard,T,Green,199 Deercove Drive,Dallas,TX,75202,214-917-7853,1985/03/23,Richard.T.Green@mailinator.com
997,female,Alice,W,Vazquez,4279 Douglas Dairy Road,Norton,VA,24273,276-679-5393,1959/01/03,Alice.W.Vazquez@spambob.com
998,male,Samuel,S,Scoville,2725 Masonic Hill Road,Little Rock,AR,72201,501-593-5049,1975/08/31,Samuel.S.Scoville@dodgit.com
999,female,Mary,E,Harmon,2161 Elk Avenue,Hillsdale,MI,49242,517-439-0752,1940/07/15,Mary.E.Harmon@pookmail.com
1000,male,Zachary,M,Lucas,3007 Main Street,Seattle,WA,98109,425-629-0406,1979/09/14,Zachary.M.Lucas@dodgit.com
1001,female,Manuela,A,Odle,4470 McDowell Street,Nashville,TN,37210,931-306-3275,1966/01/24,Manuela.A.Odle@dodgit.com
1002,male,Michael,J,Hyde,3063 Locust Court,Los Angeles,CA,90017,562-444-8742,1944/10/20,Michael.J.Hyde@dodgit.com
1003,male,Sam,V,Tillman,2546 Corpening Drive,Troy,MI,48084,248-362-3812,1968/01/16,Sam.V.Tillman@spambob.com
1004,male,John,E,Dillard,1581 Francis Mine,Sacramento,CA,95814,530-264-1869,1956/07/31,John.E.Dillard@mailinator.com
1005,female,Isabel,C,Orozco,610 New York Avenue,Dallas,TX,75202,817-979-2122,1962/11/04,Isabel.C.Orozco@mailinator.com
1006,female,Cynthia,V,Henry,136 Station Street,Austin,TX,78723,512-228-7368,1976/07/03,Cynthia.V.Henry@pookmail.com
1007,male,Lamont,L,Furness,2272 Ben Street,East Lansing,MI,48823,517-972-7047,1978/11/09,Lamont.L.Furness@dodgit.com
1008,male,Jonathan,C,Vacca,2225 Wolf Pen Road,Oakland,CA,94612,650-448-1288,1982/04/05,Jonathan.C.Vacca@pookmail.com
1009,female,Linda,D,Holt,3869 Wayback Lane,Levittown,NY,11756,631-322-8840,1948/12/11,Linda.D.Holt@mailinator.com
1010,female,Brittney,J,Miranda,2684 Hott Street,Oklahoma City,OK,73115,405-672-7208,1981/06/22,Brittney.J.Miranda@dodgit.com
1011,male,Matthew,P,Gomez,158 Sharon Lane,Manchester,MO,63011,573-922-6197,1954/03/03,Matthew.P.Gomez@dodgit.com
1012,male,Duane,M,Walsh,4766 Walnut Avenue,Newark,NJ,7102,201-471-3983,1963/03/13,Duane.M.Walsh@spambob.com
1013,male,Jose,K,Sanders,2692 Maple Court,Jefferson City,MO,65109,573-356-2740,1972/04/15,Jose.K.Sanders@mailinator.com
1014,female,Janet,S,Womack,4956 Front Street,Bloomfield Township,MI,48302,810-338-2215,1948/10/23,Janet.S.Womack@mailinator.com
1015,female,Winifred,L,Bisson,1844 Deans Lane,New York,NY,10011,914-798-7483,1964/08/24,Winifred.L.Bisson@trashymail.com
1016,male,Mark,C,Hemphill,1693 University Hill Road,Pawnee,IL,62558,217-625-9473,1977/03/12,Mark.C.Hemphill@trashymail.com
1017,female,Susan,V,Phillips,111 Goff Avenue,Grand Rapids,MI,49508,269-592-5782,1971/09/13,Susan.V.Phillips@spambob.com
1018,male,Thomas,L,Moten,3442 Flinderation Road,Chicago,IL,60631,708-369-1211,1971/07/30,Thomas.L.Moten@pookmail.com
1019,male,Dominic,W,Noriega,1005 Marion Street,Essex Junction,VT,5452,802-879-5962,1960/02/14,Dominic.W.Noriega@pookmail.com
1020,female,Yolanda,F,Martinez,3988 Pheasant Ridge Road,Philadelphia,PA,19103,215-553-8228,1949/07/17,Yolanda.F.Martinez@dodgit.com
1021,male,Jonathan,P,Rogers,3549 Lena Lane,Meridian,MS,39301,601-483-5262,1959/12/05,Jonathan.P.Rogers@dodgit.com
1022,female,Patricia,M,Mack,4779 Cook Hill Road,New Haven,CT,6510,203-499-4547,1969/04/06,Patricia.M.Mack@trashymail.com
1023,female,Carol,D,Roberts,1110 Lost Creek Road,Paoli,PA,19301,610-993-1520,1983/07/01,Carol.D.Roberts@mailinator.com
1024,female,Lauren,A,Healy,186 Pearl Street,Roseville,CA,95661,916-293-6583,1971/07/04,Lauren.A.Healy@trashymail.com
1025,female,Virginia,M,Garrow,4653 Gregory Lane,Louisville,KY,40299,502-500-0389,1976/03/17,Virginia.M.Garrow@dodgit.com
1026,female,Mary,F,Kaler,3139 Hill Haven Drive,Waco,TX,76701,254-297-4067,1960/12/27,Mary.F.Kaler@mailinator.com
1027,female,Judith,W,Kittrell,4062 Stockert Hollow Road,North Bend,WA,98045,425-831-8755,1965/11/22,Judith.W.Kittrell@dodgit.com
1028,female,Cheryl,N,White,1292 Kovar Road,Foxborough,MA,2035,508-549-4291,1973/12/17,Cheryl.N.White@pookmail.com
1029,male,James,L,Blount,986 Point Street,Wood Dale,IL,60191,773-830-4886,1951/03/15,James.L.Blount@dodgit.com
1030,male,Travis,S,Benavidez,3090 Biddie Lane,Warsaw,VA,22572,804-577-9716,1960/02/23,Travis.S.Benavidez@trashymail.com
1031,female,Nancy,P,Stephenson,4855 Briarhill Lane,Akron,OH,44308,330-309-8890,1957/03/24,Nancy.P.Stephenson@spambob.com
1032,female,Betty,J,Hutchins,343 Bryan Street,Greensboro,NC,27401,336-255-5291,1974/11/01,Betty.J.Hutchins@spambob.com
1033,female,Debbie,S,Fox,3262 Columbia Mine Road,Walton,WV,25286,304-577-5674,1947/09/23,Debbie.S.Fox@trashymail.com
1034,female,Barbara,K,Hutton,4384 Bailey Drive,Dodgeville,IA,52650,319-449-0818,1977/11/17,Barbara.K.Hutton@mailinator.com
1035,male,Patrick,L,Hobbs,2367 Pyramid Valley Road,Cedar Rapids,IA,52401,319-512-4268,1957/09/28,Patrick.L.Hobbs@pookmail.com
1036,male,Anthony,A,Hildreth,4916 Lodgeville Road,Minneapolis,MN,55415,612-306-9312,1955/03/14,Anthony.A.Hildreth@trashymail.com
1037,male,Elmer,G,Mead,2372 Conference Center Way,Washington,VA,20005,571-212-4600,1945/10/07,Elmer.G.Mead@mailinator.com
1038,male,Harold,D,Jackson,4923 Brookside Drive,Cahaba Heights,AL,35243,205-262-0614,1942/08/09,Harold.D.Jackson@trashymail.com
1039,male,Charles,A,Beard,3976 Lena Lane,Eddiceton,MS,39634,601-532-5943,1944/02/13,Charles.A.Beard@spambob.com
1040,male,William,M,Lowder,3545 Rockwell Lane,Rocky Mount,NC,27801,252-594-6377,1967/08/12,William.M.Lowder@mailinator.com
1041,male,Brian,J,Mcgee,2948 Froe Street,Wheeling,WV,26003,304-316-6203,1955/05/24,Brian.J.Mcgee@trashymail.com
1042,female,Sylvia,J,Watts,4017 Byers Lane,Yuba City,CA,95991,530-751-2798,1952/06/09,Sylvia.J.Watts@trashymail.com
1043,male,Larry,S,Seigler,4955 Jacobs Street,Monroeville,PA,15146,412-376-5086,1941/09/01,Larry.S.Seigler@trashymail.com
1044,male,David,O,Boatright,842 Pearcy Avenue,New Haven,IN,46774,260-749-8495,1974/10/16,David.O.Boatright@mailinator.com
1045,female,Dina,A,Brenneman,1569 Broadway Street,Charleston,SC,29412,843-762-5344,1953/10/23,Dina.A.Brenneman@pookmail.com
1046,male,Philip,T,Nero,1832 Whaley Lane,Waterford,WI,53185,262-534-0445,1946/04/13,Philip.T.Nero@trashymail.com
1047,female,Jane,J,Dailey,4332 Rinehart Road,Miami,FL,33179,786-323-5124,1983/08/08,Jane.J.Dailey@dodgit.com
1048,female,Ebony,F,Garrett,885 Raoul Wallenberg Place,Stamford,CT,6902,203-844-6361,1966/12/22,Ebony.F.Garrett@spambob.com
1049,female,Beatrice,D,Watanabe,4701 Coleman Avenue,Oceanside,CA,92054,760-757-7423,1981/04/12,Beatrice.D.Watanabe@dodgit.com
1050,male,Johnny,G,Makris,3560 Lindale Avenue,Berkeley,CA,94704,510-486-8377,1966/01/30,Johnny.G.Makris@trashymail.com
1051,female,Carmen,T,Martinez,756 Lost Creek Road,Wayne,PA,19088,610-908-0624,1944/02/10,Carmen.T.Martinez@trashymail.com
1052,female,Frances,J,Burge,465 Stadium Drive,Falmouth,MA,2540,508-289-3834,1985/11/08,Frances.J.Burge@trashymail.com
1053,female,Verna,S,Donnelly,719 Aaron Smith Drive,Harrisburg,PA,17116,717-724-7655,1966/12/04,Verna.S.Donnelly@spambob.com
1054,male,Joseph,C,Austin,2829 Farm Meadow Drive,Scottsdale,AZ,85256,928-817-6186,1963/01/31,Joseph.C.Austin@spambob.com
1055,male,Antonio,E,Rowland,4163 Driftwood Road,Santa Clara,CA,95054,408-391-1786,1962/11/25,Antonio.E.Rowland@mailinator.com
1056,male,Michael,B,Johnson,2727 Jones Avenue,Mount Airy,NC,27030,336-789-4916,1969/02/18,Michael.B.Johnson@mailinator.com
1057,male,Brad,A,Daley,964 Sardis Sta,Frisco,TX,75034,817-627-5621,1947/12/09,Brad.A.Daley@trashymail.com
1058,female,Melissa,H,Bryan,4571 Woodland Terrace,Sacramento,CA,95815,916-929-1682,1970/10/09,Melissa.H.Bryan@dodgit.com
1059,male,James,G,Brown,4939 Sunny Day Drive,Santa Ana,CA,92704,714-861-0116,1969/07/06,James.G.Brown@mailinator.com
1060,male,Booker,S,Diaz,4723 Summit Street,Decorah,IA,52101,563-387-8344,1950/02/19,Booker.S.Diaz@dodgit.com
1061,female,Jame,B,Hastings,4295 Ashmor Drive,Crookston,MN,56716,218-289-1800,1953/06/25,Jame.B.Hastings@pookmail.com
1062,female,Tyesha,W,Bearden,3015 Memory Lane,Rockford,IL,61101,815-972-6803,1972/01/02,Tyesha.W.Bearden@trashymail.com
1063,female,Kayla,A,Matney,1699 Rodney Street,Valley Park,MO,63088,636-517-6033,1977/02/05,Kayla.A.Matney@pookmail.com
1064,male,Alejandro,C,Eoff,2347 Rainy Day Drive,Needham,MA,2192,617-910-7427,1975/01/27,Alejandro.C.Eoff@dodgit.com
1065,male,Ernest,K,Cho,600 Parrish Avenue,San Antonio,TX,78205,830-984-4783,1967/10/05,Ernest.K.Cho@spambob.com
1066,female,Robin,J,Robinson,4996 Village View Drive,Fort Myers,FL,33912,239-896-1678,1957/02/07,Robin.J.Robinson@mailinator.com
1067,female,Ann,R,Medina,3833 Providence Lane,Alhambra,CA,91801,626-943-8807,1961/03/26,Ann.R.Medina@dodgit.com
1068,male,David,E,Earl,4939 Willis Avenue,Jacksonville,FL,32216,386-546-4821,1940/02/17,David.E.Earl@dodgit.com
1069,female,Concepcion,A,Layne,3687 Coal Road,Turbotville,PA,17772,570-649-4089,1945/08/04,Concepcion.A.Layne@mailinator.com
1070,male,Jonathan,L,Cowart,4739 Center Avenue,Fresno,CA,93721,559-498-6157,1945/10/01,Jonathan.L.Cowart@spambob.com
1071,male,Michael,E,Shepherd,2256 Snider Street,Denver,CO,80216,720-220-6875,1969/10/03,Michael.E.Shepherd@trashymail.com
1072,male,Eddie,B,Vann,1708 Johnson Street,Goldston,NC,27252,919-898-3201,1974/12/29,Eddie.B.Vann@mailinator.com
1073,male,Jason,E,Sams,562 Woodrow Way,Nashville,TN,37210,931-994-7660,1945/02/17,Jason.E.Sams@spambob.com
1074,female,Crystal,F,Shufelt,4979 Edgewood Road,Memphis,TN,38110,901-212-6967,1960/11/04,Crystal.F.Shufelt@trashymail.com
1075,male,Jared,C,Baker,357 Barrington Court,Paragould,AR,72450,870-573-1077,1984/08/16,Jared.C.Baker@spambob.com
1076,male,Wm,C,Flynn,4652 College Street,Norcross,GA,30093,404-392-7154,1945/12/06,Wm.C.Flynn@dodgit.com
1077,male,Billy,M,Yeager,1139 Courtright Street,Bismarck,ND,58501,701-495-0561,1950/11/27,Billy.M.Yeager@pookmail.com
1078,female,Saundra,C,Ambrosino,652 Sumner Street,Santa Monica,CA,90405,310-581-9180,1953/05/24,Saundra.C.Ambrosino@trashymail.com
1079,female,Delores,F,Ellerman,4843 Meadow View Drive,West Hartford,CT,6105,860-570-2898,1969/03/27,Delores.F.Ellerman@mailinator.com
1080,male,George,M,Moncayo,37 Goldie Lane,Cincinnati,OH,45203,513-457-8075,1983/10/20,George.M.Moncayo@mailinator.com
1081,female,Retha,B,Austin,49 Sycamore Street,San Francisco,CA,94104,408-904-6453,1956/01/06,Retha.B.Austin@spambob.com
1082,female,Evelyn,M,Baker,3352 Round Table Drive,Cincinnati,OH,45249,513-780-4285,1979/10/19,Evelyn.M.Baker@mailinator.com
1083,male,Clifton,C,Durand,700 Butternut Lane,Millstadt,IL,62260,618-476-5107,1940/11/14,Clifton.C.Durand@mailinator.com
1084,female,Rita,D,Curry,1295 Roosevelt Road,Lyons,KS,67554,620-257-6766,1979/06/01,Rita.D.Curry@dodgit.com
1085,female,Samantha,G,Nash,59 Cliffside Drive,Oneonta,NY,13820,607-432-5841,1948/03/12,Samantha.G.Nash@mailinator.com
1086,male,Victor,G,Montgomery,1647 Shobe Lane,Denver,CO,80205,970-475-4535,1963/03/19,Victor.G.Montgomery@dodgit.com
1087,female,Mattie,D,Donato,4779 Powder House Road,West Palm Beach,FL,33401,561-634-6982,1969/08/16,Mattie.D.Donato@dodgit.com
1088,female,Tamika,J,Crumble,625 Franklee Lane,Philadelphia,PA,19108,484-496-0220,1950/06/22,Tamika.J.Crumble@spambob.com
1089,male,Robert,M,Pospisil,2775 Simons Hollow Road,Scranton,PA,18503,570-862-4726,1985/03/13,Robert.M.Pospisil@spambob.com
1090,male,Lorenzo,T,Mcleod,2873 Willow Oaks Lane,Lafayette,LA,70501,337-402-6892,1952/06/05,Lorenzo.T.Mcleod@spambob.com
1091,female,Helen,B,Mazza,267 Locust Court,Los Angeles,CA,90017,562-456-7279,1953/01/10,Helen.B.Mazza@dodgit.com
1092,male,Mack,B,Farmer,3719 Cimmaron Road,Irvine,CA,92614,714-653-8526,1963/04/09,Mack.B.Farmer@trashymail.com
1093,female,Marlene,R,Huntsberry,3217 Oakmound Road,Chicago,IL,60644,773-261-1271,1980/09/23,Marlene.R.Huntsberry@mailinator.com
1094,female,Tamara,J,Edwards,2526 Hillcrest Circle,Minneapolis,MN,55411,763-587-3598,1981/02/09,Tamara.J.Edwards@mailinator.com
1095,male,Robert,O,Wood,3707 Bombardier Way,Worthington,OH,43085,740-214-9079,1977/12/05,Robert.O.Wood@trashymail.com
1096,male,Michael,B,Smith,4234 Cardinal Lane,Champaign,IL,61820,217-202-2560,1965/01/22,Michael.B.Smith@trashymail.com
1097,female,Kathy,R,Santillan,3948 Hillcrest Avenue,Cambridge,MA,2138,781-879-9016,1948/06/18,Kathy.R.Santillan@mailinator.com
1098,male,James,B,Hull,135 Cedar Street,Little Rock,AR,72210,870-842-7137,1974/08/13,James.B.Hull@spambob.com
1099,female,Jayne,C,Wilson,4055 Parrill Court,Hebron,IN,46341,219-509-9487,1956/10/17,Jayne.C.Wilson@pookmail.com
1100,female,Jo,W,Erbe,4509 Center Street,Jersey City,NJ,7304,551-655-2407,1944/06/09,Jo.W.Erbe@pookmail.com
1101,female,Ann,W,Brown,3450 Davis Lane,Denver,CO,80239,720-338-8532,1951/01/25,Ann.W.Brown@mailinator.com
1102,male,Jonathan,S,Thompson,2101 Philli Lane,Wagoner,OK,74467,918-485-6703,1965/08/31,Jonathan.S.Thompson@trashymail.com
1103,male,Seymour,B,Coley,4282 Tibbs Avenue,Superior,MT,59872,406-822-0525,1943/07/22,Seymour.B.Coley@dodgit.com
1104,female,Jimmie,S,Smith,2235 Romrog Way,Hayes Center,NE,69032,308-286-4805,1964/12/31,Jimmie.S.Smith@trashymail.com
1105,male,Horace,K,Maberry,106 White Oak Drive,Saint Joseph,MO,64501,816-689-9082,1981/08/28,Horace.K.Maberry@spambob.com
1106,female,Laurie,E,Goins,2916 Duffy Street,Michigan City,IN,46360,219-872-8665,1983/11/24,Laurie.E.Goins@dodgit.com
1107,male,Steven,J,Currier,4570 Boone Street,Chehalis,WA,98596,360-996-6422,1970/11/19,Steven.J.Currier@trashymail.com
1108,male,Gregory,M,Jones,1407 Fantages Way,Steep Falls,ME,4085,207-675-0007,1982/06/26,Gregory.M.Jones@mailinator.com
1109,male,Donald,B,Richardson,2859 Graystone Lakes,Dublin,GA,31021,478-595-1644,1958/05/10,Donald.B.Richardson@spambob.com
1110,female,Willie,P,Coats,3468 Brentwood Drive,Dripping Springs,TX,78620,512-858-6750,1950/11/26,Willie.P.Coats@dodgit.com
1111,male,Jay,E,Shea,1216 Gnatty Creek Road,Levittown,NY,11756,516-309-4397,1961/05/04,Jay.E.Shea@spambob.com
1112,female,Claire,C,Turner,2981 Custer Street,Clarion,PA,16214,814-846-5534,1945/10/06,Claire.C.Turner@mailinator.com
1113,male,Lloyd,J,Story,2078 Bell Street,New York,NY,10011,212-271-9149,1984/04/22,Lloyd.J.Story@pookmail.com
1114,female,Peggy,J,Lindsey,816 Sardis Station,Minneapolis,MN,55415,612-486-3963,1948/07/04,Peggy.J.Lindsey@mailinator.com
1115,female,Rita,D,Moores,4138 Emma Street,Lubbock,TX,79401,806-831-2098,1973/09/05,Rita.D.Moores@trashymail.com
1116,female,Maria,S,Alexander,1814 Seneca Drive,Portland,OR,97232,503-920-5637,1968/03/17,Maria.S.Alexander@dodgit.com
1117,male,Joey,J,Lopez,1118 Blackwell Street,Anchorage,AK,99504,907-337-9881,1954/09/27,Joey.J.Lopez@spambob.com
1118,female,Angel,R,Marin,3779 Villa Drive,South Bend,IN,46625,574-356-8723,1976/11/10,Angel.R.Marin@mailinator.com
1119,female,Claire,M,Timm,1875 Chicago Avenue,Fresno,CA,93721,559-630-1342,1953/04/26,Claire.M.Timm@dodgit.com
1120,male,David,M,Salazar,419 Carriage Lane,Toledo,OH,43615,567-952-5565,1982/03/12,David.M.Salazar@mailinator.com
1121,male,Victor,M,Nelson,1659 Elk Street,Irvine,CA,92618,949-680-2089,1958/08/06,Victor.M.Nelson@dodgit.com
1122,female,Dorothy,K,Stephenson,2835 Michigan Avenue,Pittsburgh,PA,15201,724-612-9849,1957/07/18,Dorothy.K.Stephenson@spambob.com
1123,female,Kristy,J,Cloutier,742 Doe Meadow Drive,Hyattsville,MD,20783,301-559-6363,1944/05/10,Kristy.J.Cloutier@spambob.com
1124,male,Ronald,I,Tavares,1385 Sycamore Road,Roseburg,OR,97470,541-464-7175,1964/09/05,Ronald.I.Tavares@dodgit.com
1125,male,Carl,L,Delph,3595 Lincoln Drive,Mount Joy (lancaster),PA,17552,717-653-4135,1951/11/21,Carl.L.Delph@trashymail.com
1126,male,Lonnie,M,Watts,1660 Ross Street,Prairie Du Rocher,IL,62277,618-284-5733,1958/07/03,Lonnie.M.Watts@pookmail.com
1127,female,Jessica,S,Smith,1276 Arthur Avenue,Freeport,IL,61032,815-818-6873,1966/08/22,Jessica.S.Smith@trashymail.com
1128,male,John,M,Norris,4737 Summit Street,Davenport,IA,52806,563-386-2563,1983/11/16,John.M.Norris@spambob.com
1129,male,Frank,A,Landers,1507 Chatham Way,Chantilly,MD,20151,240-641-0300,1983/12/13,Frank.A.Landers@dodgit.com
1130,male,Timothy,K,Levin,2881 Ashford Drive,Mclean,VA,22101,703-676-6428,1942/10/20,Timothy.K.Levin@dodgit.com
1131,male,Henry,R,Mosher,2256 Alpha Avenue,Macclenny,FL,32066,904-259-5401,1950/03/27,Henry.R.Mosher@mailinator.com
1132,male,Alberto,R,Mcgee,517 Lonely Oak Drive,Mobile,AL,36607,251-450-2886,1945/10/25,Alberto.R.Mcgee@trashymail.com
1133,female,Tammi,A,Diaz,1176 Filbert Street,Philadelphia,PA,19108,610-808-9539,1977/10/31,Tammi.A.Diaz@spambob.com
1134,female,Shantel,F,Howell,2907 Buck Drive,Salt Lake City,UT,84119,801-977-6123,1953/01/15,Shantel.F.Howell@trashymail.com
1135,female,Rosa,B,Tigner,663 Camel Back Road,Tulsa,OK,74119,918-554-0205,1965/02/16,Rosa.B.Tigner@mailinator.com
1136,male,Albert,G,Dortch,4332 Raoul Wallenberg Place,Stamford,CT,6902,203-883-2342,1971/10/18,Albert.G.Dortch@mailinator.com
1137,female,Edwina,A,Moreno,4355 Randall Drive,Honolulu,HI,96819,808-778-4733,1967/07/13,Edwina.A.Moreno@mailinator.com
1138,female,Mayme,D,Mccully,221 Hinkle Lake Road,Boston,MA,2210,617-446-9380,1983/11/17,Mayme.D.Mccully@trashymail.com
1139,male,Dwight,C,Mcintyre,53 Grant View Drive,Milwaukee,WI,53204,414-385-6869,1955/02/04,Dwight.C.Mcintyre@dodgit.com
1140,male,Robert,L,Harris,354 Fincham Road,San Diego,CA,92121,760-481-0707,1942/09/01,Robert.L.Harris@trashymail.com
1141,female,Julian,A,Teeters,1624 Payne Street,Norton,VA,24273,276-807-3733,1963/09/12,Julian.A.Teeters@dodgit.com
1142,male,Edward,S,Rojas,19 Hickory Heights Drive,Baltimore,MD,21202,443-912-0694,1976/11/17,Edward.S.Rojas@spambob.com
1143,female,Doris,A,Lillibridge,1936 Briercliff Road,Brooklyn,NY,11219,718-635-2381,1975/06/22,Doris.A.Lillibridge@dodgit.com
1144,female,Georgette,A,Deboer,1034 Brownton Road,Jackson,MS,39201,662-360-3767,1943/09/02,Georgette.A.Deboer@mailinator.com
1145,female,Lou,C,Kime,3825 Echo Lane,Three Oaks,MI,49128,269-756-1192,1964/01/13,Lou.C.Kime@dodgit.com
1146,male,Brent,P,Starling,3594 Buckhannan Avenue,Dolgeville,NY,13329,315-429-0095,1982/04/11,Brent.P.Starling@pookmail.com
1147,female,Jeannine,J,Watson,1503 Junior Avenue,Norcross,GA,30071,404-552-0694,1975/06/18,Jeannine.J.Watson@pookmail.com
1148,male,Andrew,I,Perkins,3338 Nutters Barn Lane,Duncombe,IA,50532,515-543-7846,1956/11/22,Andrew.I.Perkins@dodgit.com
1149,female,Juanita,D,Mcpherson,1317 Wood Street,Saginaw,MI,48607,989-221-1698,1944/05/01,Juanita.D.Mcpherson@spambob.com
1150,male,Ben,L,Smith,2081 Edsel Road,Riverside,CA,92507,818-462-5102,1943/03/28,Ben.L.Smith@trashymail.com
1151,female,Marguerite,J,Crawford,2451 Trails End Road,Pompano Beach,FL,33060,954-366-4109,1976/02/04,Marguerite.J.Crawford@spambob.com
1152,male,Rodolfo,S,Erickson,1238 Freed Drive,Stockton,CA,95202,209-712-0120,1949/01/11,Rodolfo.S.Erickson@trashymail.com
1153,male,Roosevelt,M,Mixon,2292 Brookside Drive,Tuscaloosa,AL,35401,205-345-9818,1973/01/31,Roosevelt.M.Mixon@trashymail.com
1154,male,James,A,Tseng,1573 Dovetail Drive,Hickory Hills,IL,60457,847-341-9418,1942/09/16,James.A.Tseng@mailinator.com
1155,female,Catherine,R,Hallum,280 Riverwood Drive,Redding,CA,96001,530-408-3520,1969/09/25,Catherine.R.Hallum@pookmail.com
1156,male,Ronnie,S,Marks,1015 Andell Road,Columbus,OH,43212,614-918-6261,1985/09/26,Ronnie.S.Marks@dodgit.com
1157,female,Nancy,V,Oliva,3739 Franklin Street,Thomasville,AL,36784,334-637-6676,1958/06/27,Nancy.V.Oliva@trashymail.com
1158,male,Juan,H,Silvia,4932 Columbia Boulevard,Baltimore,MD,21202,410-396-1419,1946/12/22,Juan.H.Silvia@dodgit.com
1159,female,Katherine,R,Reyes,2942 New Street,Madras,OR,97741,541-325-9140,1976/04/12,Katherine.R.Reyes@trashymail.com
1160,female,Brenda,T,Williams,834 Maxwell Street,Stamford,CT,6902,860-776-2245,1980/08/05,Brenda.T.Williams@pookmail.com
1161,male,Richard,P,Carrillo,2800 Hickory Ridge Drive,Las Vegas,NV,89101,702-615-1732,1971/09/07,Richard.P.Carrillo@mailinator.com
1162,female,Darline,E,Box,3457 Pearl Street,North Highlands,CA,95659,916-348-6446,1959/08/19,Darline.E.Box@mailinator.com
1163,male,Angelo,M,Peak,4570 Bailey Drive,Cedar Rapids,IA,52401,319-365-2506,1967/03/24,Angelo.M.Peak@pookmail.com
1164,male,Johnathan,L,Thompson,2637 Formula Lane,Dallas,TX,75240,469-582-3362,1947/02/17,Johnathan.L.Thompson@dodgit.com
1165,male,Roger,D,Shuler,3813 Arlington Avenue,Oak Ridge,TN,37830,865-927-3691,1961/07/11,Roger.D.Shuler@pookmail.com
1166,female,Evelyn,M,Crabtree,2539 Brownton Road,Jackson,MS,39201,662-354-9325,1959/11/23,Evelyn.M.Crabtree@trashymail.com
1167,female,Ruth,M,Hamrick,4202 Earnhardt Drive,Louisville,KY,40202,502-623-2837,1959/03/12,Ruth.M.Hamrick@spambob.com
1168,female,Laurie,G,Crawford,4845 Hog Camp Road,Northbrook,IL,60062,708-472-2113,1949/04/04,Laurie.G.Crawford@trashymail.com
1169,male,Michael,B,Townsend,3011 Heavens Way,Irvine,CA,92664,949-235-1825,1942/10/16,Michael.B.Townsend@spambob.com
1170,female,Susie,W,Shotwell,904 Johnny Lane,Milwaukee,WI,53207,414-294-4732,1955/03/25,Susie.W.Shotwell@mailinator.com
1171,female,Karen,D,Myrick,3731 Norma Lane,Marksville,LA,71351,318-563-3889,1960/06/16,Karen.D.Myrick@spambob.com
1172,female,Mildred,A,Lewis,1754 Clement Street,Atlanta,GA,30303,404-515-3826,1971/07/10,Mildred.A.Lewis@trashymail.com
1173,female,Adeline,C,Walker,243 Richison Drive,Reedpoint,MT,59069,406-326-1242,1942/01/28,Adeline.C.Walker@dodgit.com
1174,female,Consuelo,J,Winder,2243 Haven Lane,Grand Ledge,MI,48837,517-622-5375,1977/09/08,Consuelo.J.Winder@spambob.com
1175,female,Amanda,M,Jones,3013 Braxton Street,Belvidere,IL,61008,815-547-9413,1984/10/28,Amanda.M.Jones@pookmail.com
1176,male,Daniel,A,Cook,3821 Counts Lane,Hartford,CT,6103,860-216-3629,1966/08/17,Daniel.A.Cook@mailinator.com
1177,female,Gale,J,Belt,2844 Poplar Chase Lane,Boise,ID,83702,208-334-0644,1959/07/24,Gale.J.Belt@pookmail.com
1178,female,Loretta,M,Rowe,4146 Alpha Avenue,Jacksonville,FL,32216,904-245-2171,1971/03/16,Loretta.M.Rowe@mailinator.com
1179,female,Virginia,R,Whiteaker,649 Marcus Street,Huntsville,AL,35802,256-567-1394,1968/10/21,Virginia.R.Whiteaker@spambob.com
1180,male,Erick,L,Bruce,3255 Drainer Avenue,Panama City,FL,32405,850-658-8733,1951/09/22,Erick.L.Bruce@dodgit.com
1181,female,Barbara,E,Kimball,1101 Grove Avenue,Oklahoma City,OK,73102,580-374-0004,1985/11/26,Barbara.E.Kimball@pookmail.com
1182,female,Mary,A,Aguilera,958 Sunburst Drive,Fort Myers,FL,33901,239-450-8140,1953/08/17,Mary.A.Aguilera@mailinator.com
1183,male,William,A,Augustine,2824 Vesta Drive,Chicago,IL,60657,773-755-8010,1977/07/03,William.A.Augustine@mailinator.com
1184,male,Wayne,M,Frank,4016 Cantebury Drive,Garden City,NY,11530,646-675-0968,1962/02/26,Wayne.M.Frank@pookmail.com
1185,female,Janet,D,Doud,1591 Hampton Meadows,Amesbury,MA,1913,978-388-3382,1963/09/14,Janet.D.Doud@trashymail.com
1186,female,Patricia,L,Snyder,4163 Nutter Street,Holt,MO,64048,816-320-8611,1978/05/26,Patricia.L.Snyder@spambob.com
1187,male,Lawrence,N,Carr,3017 Trainer Avenue,Davenport,IL,52803,309-514-2277,1966/01/13,Lawrence.N.Carr@mailinator.com
1188,female,Ann,D,Meurer,4776 Baker Avenue,Fort Worth,TX,76111,817-838-7864,1956/05/04,Ann.D.Meurer@spambob.com
1189,female,Lilia,M,Eldridge,3616 Friendship Lane,Santa Clara,CA,95050,408-690-0756,1967/03/14,Lilia.M.Eldridge@mailinator.com
1190,female,Teresa,F,Pacheco,1523 Mattson Street,Portland,OR,97205,503-428-5161,1942/07/17,Teresa.F.Pacheco@spambob.com
1191,male,Kurt,E,Reeser,2980 Candlelight Drive,Pearland,TX,77581,281-412-6250,1964/11/25,Kurt.E.Reeser@trashymail.com
1192,female,Kathleen,H,Butler,3583 Brentwood Drive,Austin,TX,78704,512-804-9970,1984/01/12,Kathleen.H.Butler@pookmail.com
1193,male,Johnny,M,Walton,563 Lighthouse Drive,Avilla,MO,64833,417-246-0606,1967/11/23,Johnny.M.Walton@mailinator.com
1194,female,Victoria,P,Baker,2609 Collins Avenue,Columbus,OH,43215,614-829-2871,1950/09/13,Victoria.P.Baker@trashymail.com
1195,male,Bob,A,Nelson,4335 Seth Street,Abilene,TX,79602,325-383-9330,1942/03/22,Bob.A.Nelson@dodgit.com
1196,male,Frank,S,Golden,4579 Ferry Street,Enterprise,AL,36330,256-794-0904,1972/10/06,Frank.S.Golden@mailinator.com
1197,female,Wanda,J,Marshall,4238 Mandan Road,Palmyra,MO,63461,573-769-7820,1960/11/06,Wanda.J.Marshall@mailinator.com
1198,male,David,A,Elie,1336 Brannon Avenue,Mandarin,FL,32223,904-886-8557,1945/03/09,David.A.Elie@pookmail.com
1199,female,Geraldine,G,Murphy,619 Stratford Drive,Honolulu,HI,96814,808-256-2207,1970/01/13,Geraldine.G.Murphy@pookmail.com
1200,female,Marie,A,Howe,4582 Hickory Lane,Washington,DC,20200,202-437-5833,1977/12/05,Marie.A.Howe@trashymail.com
