ID,Gender,Firstname,Middle,Lastname,Address,City,State,Zipcode,Telephone,Birthday,Email
1,female,Lynn,S,Kuhl,1690 Mill Street,Greenville,SC,29615,864-266-3412,1983/03/20,Lynn.S.Kuhl@mailinator.com
2,female,Lola,A,Rivera,783 Elk Avenue,Concord,MI,49237,517-524-7746,1950/04/09,Lola.A.Rivera@trashymail.com
3,female,Tracy,E,Rogers,1748 Henery Street,Andover,KS,67002,316-733-8651,1983/01/07,Tracy.E.Rogers@pookmail.com
4,male,Aaron,S,Gephart,223 Penn Street,Flat River,MO,63601,573-327-4121,1960/08/29,Aaron.S.Gephart@mailinator.com
5,female,Lillian,J,Anderson,917 Tanglewood Road,Jackson,MS,39201,662-809-3796,1980/12/29,Lillian.J.Anderson@spambob.com
6,female,Imogene,T,Phillips,4898 Gerald L. Bates Drive,Brighton,MA,2135,617-779-0470,1982/10/08,Imogene.T.Phillips@spambob.com
7,male,Robert,L,Rowe,844 Kembery Drive,Chicago,IL,60605,630-550-1134,1973/07/25,Robert.L.Rowe@trashymail.com
8,male,John,J,Maginnis,4275 Masonic Drive,Helena,MT,59601,406-529-9922,1954/09/23,John.J.Maginnis@pookmail.com
9,male,Edward,B,Crockett,4608 Pooh Bear Lane,Blacksburg,SC,29702,864-839-0066,1940/07/14,Edward.B.Crockett@trashymail.com
10,male,Thomas,R,Pomeroy,4426 Coal Road,Harrisburg,PA,17109,570-694-1959,1949/03/05,Thomas.R.Pomeroy@mailinator.com
11,male,Vaughn,R,Frawley,1958 Abner Road,Appleton,WI,54913,715-401-3263,1958/11/19,Vaughn.R.Frawley@spambob.com
12,female,Loretta,R,Gonzalez,638 Stanley Avenue,Garden City,NY,11530,516-547-8599,1976/03/07,Loretta.R.Gonzalez@mailinator.com
13,male,Richard,T,Baggett,4602 Holly Street,Charlotte,NC,28202,704-979-0789,1968/06/18,Richard.T.Baggett@trashymail.com
14,female,Linda,L,Sherrod,296 Neville Street,Sunman,IN,47041,812-623-0915,1945/03/06,Linda.L.Sherrod@spambob.com
15,female,Kimberly,K,Hathcock,607 Ocello Street,San Diego,CA,92121,619-873-5770,1957/06/11,Kimberly.K.Hathcock@mailinator.com
16,male,Jarrett,B,Kirkpatrick,308 Ridenour Street,Miramar,FL,33025,786-246-3370,1972/10/04,Jarrett.B.Kirkpatrick@trashymail.com
17,male,Michael,J,Cole,4073 Chapmans Lane,Albuquerque,NM,87110,505-883-6589,1966/01/26,Michael.J.Cole@mailinator.com
18,female,Kathryn,E,Ruby,1309 Stanley Avenue,Bellerose,NY,11426,516-519-1139,1946/04/10,Kathryn.E.Ruby@mailinator.com
19,female,Marjory,D,Tyler,4279 Concord Street,Charlotte,NC,28209,704-521-6455,1950/10/21,Marjory.D.Tyler@mailinator.com
20,male,Frank,D,Canon,622 Norma Lane,Marksville,LA,71351,318-597-2327,1970/04/01,Frank.D.Canon@mailinator.com
21,female,Nichole,G,Roberts,2664 Traction Street,Inman,SC,29349,864-472-6160,1943/09/10,Nichole.G.Roberts@trashymail.com
22,female,Kerri,M,Love,837 Horseshoe Lane,Philadelphia,PA,19108,484-451-0200,1947/02/19,Kerri.M.Love@trashymail.com
23,female,Kimberly,K,Jones,2498 Layman Avenue,Elizabethtown,NC,28337,910-872-0156,1951/04/12,Kimberly.K.Jones@trashymail.com
24,male,Duane,J,Elsea,317 Bobcat Drive,Detroit,MI,48219,248-235-0011,1955/06/20,Duane.J.Elsea@dodgit.com
25,male,Patrick,T,Cordon,3863 Dale Avenue,Seattle,WA,98119,253-750-2667,1974/04/11,Patrick.T.Cordon@mailinator.com
26,female,Kyla,T,Jones,4086 Joanne Lane,Worcester,MA,1610,978-491-8730,1960/09/15,Kyla.T.Jones@pookmail.com
27,male,Allen,M,Howard,2456 Old Dear Lane,West Nyack,NY,10994,845-825-5472,1963/05/31,Allen.M.Howard@pookmail.com
28,female,Loretta,K,Kennedy,104 Joseph Street,Brookfield,WI,53045,262-794-2065,1949/09/25,Loretta.K.Kennedy@dodgit.com
29,male,James,E,Ayala,4969 Metz Lane,Cambridge,MA,2141,857-931-4521,1942/05/07,James.E.Ayala@spambob.com
30,female,Julie,M,Hertzog,2485 Maloy Court,Rush Center,KS,67575,785-391-1015,1963/04/03,Julie.M.Hertzog@spambob.com
31,female,Joyce,M,Paterson,478 Progress Way,Swisher,IA,52338,319-857-5407,1950/03/14,Joyce.M.Paterson@trashymail.com
32,male,David,C,Brown,289 Dogwood Road,Phoenix,AZ,85003,602-718-7001,1942/12/13,David.C.Brown@dodgit.com
33,male,Daniel,M,Alger,3160 Berry Street,Colorado Springs,CO,80903,719-630-9252,1971/04/01,Daniel.M.Alger@trashymail.com
34,female,Daisy,A,Fitzgerald,2284 McVaney Road,Asheville,NC,28801,828-279-1918,1984/08/03,Daisy.A.Fitzgerald@pookmail.com
35,female,Amanda,J,Limon,743 Jarvisville Road,Lansing,MI,48912,517-224-3624,1960/01/03,Amanda.J.Limon@trashymail.com
36,male,John,N,Vera,4782 Fleming Street,Montgomery,AL,36107,334-415-9717,1940/10/15,John.N.Vera@trashymail.com
37,male,James,B,Howell,4349 University Street,Vashon,WA,98070,206-463-8825,1950/03/24,James.B.Howell@dodgit.com
38,female,Pamela,R,Higgs,1270 Clousson Road,Laurens,IA,50554,712-845-2991,1955/06/27,Pamela.R.Higgs@spambob.com
39,female,Amy,D,Cowart,894 Emma Street,Merrell,TX,79408,806-873-2920,1963/10/08,Amy.D.Cowart@mailinator.com
40,male,Donald,D,Elia,2296 Concord Street,Charlotte,NC,28210,704-554-1056,1956/02/27,Donald.D.Elia@trashymail.com
41,male,Kent,T,Howard,3983 Diane Street,Arroyo Grande,CA,93420,805-473-4551,1968/05/30,Kent.T.Howard@pookmail.com
42,female,Cara,F,Luckett,4183 Metz Lane,Woburn,MA,1801,857-888-2321,1981/10/16,Cara.F.Luckett@dodgit.com
43,female,Marjorie,A,Brock,274 Lucy Lane,Lawrenceburg,IN,47025,812-532-6594,1971/05/19,Marjorie.A.Brock@spambob.com
44,female,Annie,J,Stuart,4175 Mcwhorter Road,Jackson,MS,39201,662-441-4834,1969/04/21,Annie.J.Stuart@spambob.com
45,female,Frances,M,Osbourne,4480 Ralph Drive,Willoughby,OH,44094,440-269-2277,1982/11/21,Frances.M.Osbourne@pookmail.com
46,male,Michael,D,Amundson,4654 Collins Street,Tampa,FL,33619,813-944-5380,1951/12/08,Michael.D.Amundson@dodgit.com
47,male,Dale,P,Dunham,2640 McDowell Street,Cookeville,TN,38501,931-432-8187,1979/08/19,Dale.P.Dunham@spambob.com
48,male,Douglas,C,Grant,1858 Pleasant Hill Road,Boca Raton,FL,33487,561-994-8210,1975/09/29,Douglas.C.Grant@mailinator.com
49,female,Bessie,R,Feldman,4153 George Avenue,Mobile,AL,36638,251-232-1301,1977/10/11,Bessie.R.Feldman@trashymail.com
50,male,Matthew,S,Kennedy,609 Riverwood Drive,Sacramento,CA,58147,530-405-2729,1956/05/10,Matthew.S.Kennedy@mailinator.com
51,male,Richard,A,Casner,1427 Sherman Street,Topeka,KS,66605,785-861-1872,1961/05/28,Richard.A.Casner@trashymail.com
52,male,Robert,B,Gates,169 Andell Road,Brentwood,TN,37027,615-229-6939,1983/04/07,Robert.B.Gates@mailinator.com
53,male,William,B,Allen,1500 Raccoon Run,Seattle,WA,98109,206-922-6427,1948/06/15,William.B.Allen@mailinator.com
54,male,Luis,L,Whitlock,1028 New Creek Road,Elkhart,IN,46516,260-237-5321,1977/07/11,Luis.L.Whitlock@mailinator.com
55,female,Sarah,R,Bryant,3250 Tipple Road,Plumsteadville,PA,18949,215-766-3467,1979/07/21,Sarah.R.Bryant@dodgit.com
56,male,Gregory,C,Ramirez,2271 Crestview Manor,Indianapolis,IN,46241,317-240-7576,1979/04/26,Gregory.C.Ramirez@dodgit.com
57,male,Tom,S,Neal,4399 Clousson Road,Hinton,IA,51024,712-947-3203,1963/08/23,Tom.S.Neal@trashymail.com
58,female,Virginia,M,Taylor,4890 Harley Brook Lane,State College,PA,16803,814-523-9885,1940/12/10,Virginia.M.Taylor@trashymail.com
59,female,Lois,A,Graham,2797 Coal Street,Johnstown,PA,15909,814-322-4488,1970/02/17,Lois.A.Graham@trashymail.com
60,male,John,D,Armstead,3555 Fantages Way,Portland,ME,4101,207-699-7279,1946/01/17,John.D.Armstead@dodgit.com
61,male,Edward,S,Rosenberg,2929 Eden Drive,Richmond,VA,23219,804-930-1075,1970/02/12,Edward.S.Rosenberg@trashymail.com
62,female,Dorthy,S,Venable,2967 Marion Drive,Tampa,FL,33614,813-380-5223,1973/03/26,Dorthy.S.Venable@spambob.com
63,male,Vicente,K,Cardona,3592 Valley View Drive,Brighton,MA,2135,617-746-7244,1980/12/02,Vicente.K.Cardona@mailinator.com
64,female,Dawn,D,Haley,4988 Pinewood Drive,Chicago,IL,60605,847-820-0679,1965/06/02,Dawn.D.Haley@spambob.com
65,female,Diana,T,Simmons,2544 Spring Street,Jacksonville,IL,62650,217-861-6206,1966/02/05,Diana.T.Simmons@pookmail.com
66,male,Timothy,V,Garza,4411 Circle Drive,Houston,TX,77032,832-473-9676,1957/01/19,Timothy.V.Garza@mailinator.com
67,male,Stephen,D,Fraser,967 Illinois Avenue,Gresham,OR,97030,503-669-0102,1985/06/30,Stephen.D.Fraser@spambob.com
68,male,Jason,C,Gray,980 Park Avenue,Sacramento,CA,95814,916-545-5937,1965/12/06,Jason.C.Gray@spambob.com
69,male,David,N,Gustavson,1409 Maryland Avenue,Tampa,FL,33634,727-619-0253,1962/07/31,David.N.Gustavson@mailinator.com
70,female,Sandra,B,Sullivan,2246 Ingram Street,Dayton,OH,45429,937-528-9871,1960/12/01,Sandra.B.Sullivan@dodgit.com
71,male,Christopher,V,Harrison,89 Reppert Coal Road,Natchez,MS,39120,601-210-8825,1983/11/09,Christopher.V.Harrison@mailinator.com
72,male,Willie,L,Cary,973 Hillcrest Circle,Golden Valley,MN,55427,763-513-0216,1946/03/31,Willie.L.Cary@spambob.com
73,male,Courtney,R,Hines,2882 Stutler Lane,Erie,PA,16501,814-488-8171,1961/06/18,Courtney.R.Hines@dodgit.com
74,male,James,J,Cordero,166 Stoney Lonesome Road,Stroudsburg,PA,18360,570-424-2423,1960/10/08,James.J.Cordero@pookmail.com
75,male,Ernest,L,Edwards,1611 Old House Drive,Columbus,OH,43215,740-904-5996,1958/02/02,Ernest.L.Edwards@trashymail.com
76,female,Victoria,M,Ortega,4883 Emily Renzelli Boulevard,Salinas,CA,93901,831-595-7981,1972/12/28,Victoria.M.Ortega@dodgit.com
77,male,Ronald,V,Miller,3129 Pick Street,Durango,CO,81302,970-551-7161,1984/04/19,Ronald.V.Miller@pookmail.com
78,female,Ruthie,K,Smith,1811 Stuart Street,Pittsburgh,PA,15212,724-381-1394,1952/10/14,Ruthie.K.Smith@spambob.com
79,male,Sidney,M,Flint,1173 Terra Street,Friday Harbor,WA,98250,360-378-6008,1977/08/12,Sidney.M.Flint@pookmail.com
80,female,Melissa,D,Newman,220 Thunder Road,San Francisco,CA,94103,650-585-6122,1973/07/25,Melissa.D.Newman@mailinator.com
81,male,Toby,R,Boone,1428 Masonic Drive,Charlo,MT,59824,406-644-2251,1949/01/15,Toby.R.Boone@mailinator.com
82,male,Jon,C,Adams,1321 Heavens Way,Santa Ana,CA,92705,949-200-1102,1944/11/22,Jon.C.Adams@spambob.com
83,male,Roger,D,Crain,744 Wilson Street,San Diego,CA,92103,760-897-8587,1984/01/04,Roger.D.Crain@dodgit.com
84,female,Teresa,A,Franco,752 Redbud Drive,New York,NY,10013,347-751-4680,1967/12/24,Teresa.A.Franco@trashymail.com
85,female,Sherrie,J,Kerr,4505 Whiteman Street,Camden,NJ,8102,609-920-9287,1961/03/16,Sherrie.J.Kerr@spambob.com
86,male,Felipe,F,Bartholomew,1497 Granville Lane,West Orange,NJ,7052,973-505-4535,1950/02/08,Felipe.F.Bartholomew@trashymail.com
87,female,Rosa,A,Davis,1153 Hill Croft Farm Road,Nevada City,CA,95959,530-470-4706,1952/01/28,Rosa.A.Davis@mailinator.com
88,female,Samantha,C,Bean,1585 Horner Street,Akron,OH,44307,330-958-1291,1977/12/15,Samantha.C.Bean@pookmail.com
89,female,Jean,J,Cox,1227 Amethyst Drive,East Lansing,MI,48823,517-351-4799,1956/04/09,Jean.J.Cox@dodgit.com
90,male,Hai,B,Joy,552 Pennsylvania Avenue,Fords,NJ,8863,732-346-9888,1949/11/21,Hai.B.Joy@mailinator.com
91,female,Barbara,J,Rojas,2482 Water Street,San Francisco,CA,94103,925-270-3385,1962/11/05,Barbara.J.Rojas@spambob.com
92,female,Michelle,G,Stepp,4451 Radford Street,Louisville,KY,40291,502-231-3678,1961/05/04,Michelle.G.Stepp@trashymail.com
93,female,Michelle,J,Summers,449 Fort Street,Greenville,NC,27834,252-924-6031,1964/08/01,Michelle.J.Summers@pookmail.com
94,male,Winston,R,Malmberg,4127 Harry Place,Belmont,NC,28012,704-825-2733,1985/01/30,Winston.R.Malmberg@trashymail.com
95,male,Randy,B,Baker,918 Arbutus Drive,Fort Lauderdale,FL,33301,305-917-3771,1965/05/26,Randy.B.Baker@mailinator.com
96,male,Edmund,S,Richardson,3644 Freedom Lane,Stockton,CA,95202,209-461-6316,1964/11/13,Edmund.S.Richardson@mailinator.com
97,female,Verna,D,Lamphear,3736 Rhode Island Avenue,Washington,DC,20005,202-336-7736,1949/12/09,Verna.D.Lamphear@pookmail.com
98,female,Courtney,R,Patrick,2196 Lake Forest Drive,Kansas City,KS,64108,913-963-9157,1971/07/09,Courtney.R.Patrick@spambob.com
99,female,Barbara,D,Place,3235 Hiney Road,Las Vegas,NV,89109,702-264-2740,1969/03/14,Barbara.D.Place@spambob.com
100,female,Amelia,J,Woody,4080 Walton Street,Orem,UT,84058,801-431-3646,1942/06/04,Amelia.J.Woody@trashymail.com
101,female,Loni,L,Gaddis,2724 Rhode Island Avenue,Washington,DC,20200,202-372-3881,1970/02/04,Loni.L.Gaddis@spambob.com
102,male,Craig,K,Obrien,497 Lake Forest Drive,Kansas City,KS,66215,913-895-4117,1944/11/10,Craig.K.Obrien@dodgit.com
103,female,Karen,L,Mendoza,3132 Parker Drive,Cleveland,OH,44114,216-577-8353,1962/07/17,Karen.L.Mendoza@dodgit.com
104,male,Howard,G,Tillman,2867 Trainer Avenue,Alpha,IL,61413,309-529-8307,1983/01/29,Howard.G.Tillman@dodgit.com
105,female,Mable,P,Smith,3058 Green Street,Nashville,TN,37210,615-575-5905,1949/05/19,Mable.P.Smith@dodgit.com
106,male,Quincy,P,White,4733 Ash Avenue,Saint Louis,MO,63108,314-830-6438,1975/07/18,Quincy.P.White@mailinator.com
107,female,Katina,J,Robinson,4453 Highland View Drive,Sacramento,CA,95815,916-648-6139,1964/05/17,Katina.J.Robinson@pookmail.com
108,male,Ronald,A,Furtado,2819 Lochmere Lane,New London,CT,6320,860-444-7224,1959/03/26,Ronald.A.Furtado@mailinator.com
109,male,Greg,J,Breault,2000 Deans Lane,West Nyack,NY,10994,914-815-2263,1951/03/17,Greg.J.Breault@pookmail.com
110,male,Edward,C,Lloyd,4345 Coal Road,Scranton,PA,18503,570-656-1088,1982/11/28,Edward.C.Lloyd@mailinator.com
111,female,Alma,M,Brunson,2900 Mount Tabor,La Grange (dutchess),NY,12540,914-466-4186,1942/03/08,Alma.M.Brunson@trashymail.com
112,male,George,J,Hassler,2923 Tori Lane,West Valley City,UT,84119,801-606-4591,1954/06/11,George.J.Hassler@trashymail.com
113,male,Willie,T,Washburn,2196 Watson Lane,Charlotte,NC,28202,828-970-4732,1963/03/08,Willie.T.Washburn@dodgit.com
114,female,Jennifer,R,Mccane,1296 Grey Fox Farm Road,Houston,TX,77063,281-734-7570,1955/02/03,Jennifer.R.Mccane@dodgit.com
115,female,Maureen,L,Yarborough,13 Sheila Lane,Reno,NV,89501,775-546-8082,1948/06/29,Maureen.L.Yarborough@pookmail.com
116,female,Iva,W,Wiggins,1865 Cunningham Court,Troy,MI,48098,248-641-9255,1947/06/19,Iva.W.Wiggins@mailinator.com
117,male,Donald,A,Tatum,1745 Sumner Street,Rancho Dominguez,CA,90220,310-661-6865,1962/01/07,Donald.A.Tatum@pookmail.com
118,male,Fred,T,White,792 Daylene Drive,Southfield,MI,48075,734-573-6795,1982/07/24,Fred.T.White@dodgit.com
119,male,Richard,N,Gaston,462 Rockford Road,Charlestown,MA,2129,774-907-5917,1953/10/17,Richard.N.Gaston@spambob.com
120,male,Steven,K,Murphy,1446 Church Street,New York,NY,10013,718-415-6796,1945/06/03,Steven.K.Murphy@dodgit.com
121,female,Santos,S,Logue,4434 Elk Street,Los Angeles,CA,90017,949-666-7233,1978/02/03,Santos.S.Logue@mailinator.com
122,male,Edwin,C,Early,4109 Mapleview Drive,Tarpon Springs,FL,34689,727-938-5267,1974/08/08,Edwin.C.Early@dodgit.com
123,male,David,G,Moses,1508 Olive Street,Toledo,OH,43602,419-343-1036,1960/06/20,David.G.Moses@pookmail.com
124,male,Louis,T,Dunn,2791 Hiddenview Drive,Philadelphia,PA,19107,215-973-6849,1969/01/27,Louis.T.Dunn@spambob.com
125,male,Brian,K,Robertson,1877 B Street,Eagan,MN,55121,651-442-4679,1950/04/15,Brian.K.Robertson@mailinator.com
126,female,Kristin,N,Merchant,1148 Seth Street,San Saba,TX,76877,325-372-2630,1950/02/04,Kristin.N.Merchant@spambob.com
127,male,Darrin,S,Connell,3394 Pinnickinick Street,Washougal,WA,98671,360-835-6900,1962/05/29,Darrin.S.Connell@pookmail.com
128,female,Micha,J,Smith,4450 Small Street,New York,NY,10029,212-860-1907,1961/07/07,Micha.J.Smith@spambob.com
129,male,Mitchell,R,Blake,1471 Huntz Lane,Worcester,MA,1608,978-596-3699,1975/04/05,Mitchell.R.Blake@pookmail.com
130,male,Erick,N,Russell,3109 Kemper Lane,Salt Lake City,UT,84104,801-856-2059,1963/11/06,Erick.N.Russell@pookmail.com
131,male,Hector,A,Casson,4628 Jarvis Street,Buffalo,NY,14214,716-837-9441,1972/09/22,Hector.A.Casson@pookmail.com
132,female,Bonnie,J,Snyder,1651 Emily Renzelli Boulevard,Hollister,CA,95023,831-638-1208,1954/08/04,Bonnie.J.Snyder@dodgit.com
133,male,Danny,E,Sheppard,2184 Dogwood Lane,Tucson,AZ,85742,520-579-2272,1965/12/18,Danny.E.Sheppard@mailinator.com
134,female,May,J,Lemire,3903 Parkview Drive,Houston,TX,77063,713-975-3368,1961/06/22,May.J.Lemire@pookmail.com
135,female,Francisca,M,Brock,1844 Chenoweth Drive,Monterey,TN,38574,931-644-0141,1976/04/24,Francisca.M.Brock@pookmail.com
136,male,Robert,S,Graham,1799 Hillcrest Drive,Seattle,WA,98109,253-416-0069,1982/11/05,Robert.S.Graham@pookmail.com
137,female,Mary,C,Lawson,367 Fancher Drive,Lewisville,TX,75067,214-221-6488,1948/12/06,Mary.C.Lawson@mailinator.com
138,female,Jessica,G,Holmes,903 Poplar Street,Chicago,IL,60606,708-686-6575,1948/09/08,Jessica.G.Holmes@spambob.com
139,male,Charles,K,Shreffler,2994 Spruce Drive,Pittsburgh,PA,15219,724-951-3976,1962/01/04,Charles.K.Shreffler@dodgit.com
140,male,Michael,J,Barker,3939 Crestview Terrace,Del Rio,TX,78840,830-703-1057,1940/07/11,Michael.J.Barker@spambob.com
141,female,Dona,G,Oceguera,2752 Cambridge Place,Odenton,MD,21113,410-551-3171,1964/03/09,Dona.G.Oceguera@spambob.com
142,female,Casey,A,Montalvo,4295 Rebecca Street,Chicago,IL,60607,847-715-2538,1972/01/06,Casey.A.Montalvo@pookmail.com
143,male,John,M,Mitchell,3138 Holden Street,San Diego,CA,92103,619-270-6012,1984/03/05,John.M.Mitchell@mailinator.com
144,male,Jerry,P,Reed,1498 Clarksburg Park Road,Phoenix,AZ,85012,928-416-6795,1972/04/10,Jerry.P.Reed@dodgit.com
145,male,Michael,M,Seymour,1445 Tetrick Road,Fort Myers,FL,33901,863-228-0938,1973/01/03,Michael.M.Seymour@trashymail.com
146,male,Marty,C,Curiel,4649 Ashford Drive,Alexandria,VA,22312,703-658-7813,1968/08/26,Marty.C.Curiel@dodgit.com
147,female,Kristan,C,Thomas,1227 Losh Lane,Pittsburgh,PA,15201,412-685-5477,1944/03/17,Kristan.C.Thomas@pookmail.com
148,male,Michael,P,Winston,3116 Woodhill Avenue,Cockeysville,MD,21030,410-785-5913,1953/02/24,Michael.P.Winston@pookmail.com
149,male,Robert,P,Caldwell,1393 Mill Street,Auburndale,FL,33823,863-968-9802,1982/08/22,Robert.P.Caldwell@spambob.com
150,female,Delia,J,Garcia,816 Perry Street,Detroit,MI,48226,810-627-5135,1963/11/09,Delia.J.Garcia@trashymail.com
151,female,Casey,G,Lockwood,2468 Cessna Drive,Fort Wayne,IN,46802,260-366-5733,1974/02/20,Casey.G.Lockwood@pookmail.com
152,male,Lester,J,Betts,3770 Swick Hill Street,Columbus,TX,78934,979-942-1137,1950/12/29,Lester.J.Betts@spambob.com
153,male,Charles,J,Hawkins,1386 Woodlawn Drive,Milwaukee,WI,53207,414-769-8919,1944/08/14,Charles.J.Hawkins@pookmail.com
154,female,Betsy,J,Pascual,3529 Village View Drive,Mount Airy,MD,21771,240-231-0835,1976/06/09,Betsy.J.Pascual@mailinator.com
155,male,Glen,F,Thomas,300 Richards Avenue,La Grange,CA,95329,209-853-7012,1978/11/11,Glen.F.Thomas@dodgit.com
156,female,Melanie,M,Malcom,704 Norman Street,Los Angeles,CA,90017,323-313-9350,1977/02/12,Melanie.M.Malcom@mailinator.com
157,female,Athena,E,Starnes,781 Lyon Avenue,Worcester,MA,1608,508-927-4861,1969/05/18,Athena.E.Starnes@spambob.com
158,male,John,C,Hatch,3129 Pick Street,Centennial,CO,80112,970-534-4192,1970/05/06,John.C.Hatch@trashymail.com
159,male,James,K,Butler,1004 Long Street,Gainesville,FL,32601,352-282-3138,1984/08/28,James.K.Butler@dodgit.com
160,male,Michael,C,Stephens,4493 Star Trek Drive,Youngstown,FL,32466,850-326-6798,1953/06/28,Michael.C.Stephens@mailinator.com
161,male,Albert,A,Hubbell,4930 Shinn Avenue,Crafton,PA,15205,724-554-6482,1950/11/09,Albert.A.Hubbell@pookmail.com
162,female,Cathy,S,Howell,121 Gnatty Creek Road,Westbury,NY,11590,516-334-9859,1962/02/11,Cathy.S.Howell@dodgit.com
163,female,Jean,E,Zendejas,310 Braxton Street,Braidwood,IL,60408,815-458-5781,1970/07/29,Jean.E.Zendejas@pookmail.com
164,female,Fiona,J,Sparkman,1256 Colonial Drive,Houston,TX,77024,979-667-0715,1959/01/15,Fiona.J.Sparkman@mailinator.com
165,male,Robert,R,Jackson,4262 Bond Street,Providence,RI,2905,401-831-4846,1948/12/05,Robert.R.Jackson@pookmail.com
166,male,Jerry,C,Eckstein,4217 Court Street,Union,MO,63084,636-583-9247,1942/05/28,Jerry.C.Eckstein@spambob.com
167,female,Barbara,F,Hickman,4596 Birch  Street,El Paso,TX,79915,915-599-0108,1949/01/07,Barbara.F.Hickman@dodgit.com
168,male,Jesse,R,Schmidt,624 Whitetail Lane,Dallas,TX,75234,469-235-4322,1976/11/28,Jesse.R.Schmidt@trashymail.com
169,male,Carl,T,Berger,1292 Pratt Avenue,Kirkland,WA,98034,360-913-3310,1971/08/13,Carl.T.Berger@dodgit.com
170,female,Rayna,K,Clement,3090 Worley Avenue,South Boston,VA,24592,434-470-7975,1944/10/30,Rayna.K.Clement@pookmail.com
171,female,Angie,W,Nation,1239 Poling Farm Road,Tekamah,NE,68061,402-374-3916,1982/01/29,Angie.W.Nation@mailinator.com
172,female,Lori,G,Martin,1 Deer Haven Drive,Greenville,SC,29611,864-295-4970,1956/11/01,Lori.G.Martin@spambob.com
173,male,Danny,J,Crews,669 Stonecoal Road,Toledo,OH,43604,419-541-7732,1942/04/16,Danny.J.Crews@pookmail.com
174,female,Leeann,D,Apple,1502 Randolph Street,Plymouth,MA,2360,508-746-4789,1981/12/13,Leeann.D.Apple@dodgit.com
175,male,Mark,H,Perez,2549 Alexander Avenue,Concord,CA,94520,925-603-8440,1947/12/24,Mark.H.Perez@dodgit.com
176,male,Michael,J,Kurtz,3414 Filbert Street,Northampton,PA,18067,610-823-5779,1940/09/05,Michael.J.Kurtz@mailinator.com
177,male,Rogelio,S,Thompson,1158 Walnut Drive,Fargo,ND,58104,701-364-1704,1981/11/09,Rogelio.S.Thompson@spambob.com
178,male,Jonathan,T,Mckinney,4405 Mesa Drive,Las Vegas,NV,89101,702-327-0585,1982/09/15,Jonathan.T.Mckinney@spambob.com
179,female,Regina,M,Roy,4003 Boone Street,Corpus Christi,TX,78473,361-232-0572,1977/09/17,Regina.M.Roy@pookmail.com
180,female,Marie,J,Collins,1549 Thorn Street,Osage,WY,82723,307-465-3140,1940/02/02,Marie.J.Collins@pookmail.com
181,female,Geraldine,R,Silvester,545 Kelly Drive,Moundsville,WV,26041,304-845-4172,1971/02/02,Geraldine.R.Silvester@dodgit.com
182,female,Cynthia,A,Sikes,4758 Waldeck Street,Fort Worth,TX,76116,817-448-2462,1949/01/20,Cynthia.A.Sikes@trashymail.com
183,female,Carolyn,M,Packard,880 Carolyns Circle,Frisco,TX,75035,214-702-2068,1967/01/28,Carolyn.M.Packard@dodgit.com
184,male,Jerome,K,Foster,3704 Little Street,Youngstown,OH,44512,330-565-6701,1966/08/19,Jerome.K.Foster@pookmail.com
185,female,Teresa,C,Mingle,4862 Point Street,Bensenville,IL,60106,773-887-2071,1978/12/22,Teresa.C.Mingle@spambob.com
186,female,Muriel,S,Eaton,3726 Grant View Drive,Milwaukee,WI,53202,414-390-9615,1962/10/02,Muriel.S.Eaton@trashymail.com
187,male,Robert,A,Martin,4034 Turnpike Drive,Sheffield,AL,35660,256-386-1351,1954/11/12,Robert.A.Martin@dodgit.com
188,female,Maria,R,Erickson,3878 Williams Lane,Wichita,KS,67214,316-519-4982,1961/05/07,Maria.R.Erickson@trashymail.com
189,female,Lillian,M,Rea,4235 Williams Mine Road,Newark,NJ,7102,908-271-5768,1960/02/15,Lillian.M.Rea@spambob.com
190,female,Cristina,J,Murray,2068 Langtown Road,Burr Oak,IA,52131,563-735-3217,1978/10/21,Cristina.J.Murray@pookmail.com
191,female,Lessie,D,Matthews,2388 Oakridge Farm Lane,Waukesha,WI,53188,262-343-0039,1945/02/02,Lessie.D.Matthews@spambob.com
192,female,Marlene,O,Griffin,4087 Michigan Avenue,West Sunbury,PA,16061,724-637-0022,1945/06/21,Marlene.O.Griffin@trashymail.com
193,female,Anglea,B,Sandoval,4666 Heliport Loop,Leavenworth,IN,47137,812-739-8026,1977/04/03,Anglea.B.Sandoval@mailinator.com
194,male,Herman,R,Altman,2749 Oak Street,Newark,NY,14513,315-359-7388,1940/10/19,Herman.R.Altman@mailinator.com
195,male,Robert,C,Gibbs,4224 North Street,Charlottesville,VA,22903,434-970-2816,1945/03/19,Robert.C.Gibbs@spambob.com
196,female,Myra,S,Clinton,1892 Ripple Street,Saginaw,MI,48607,989-758-0207,1975/05/05,Myra.S.Clinton@dodgit.com
197,female,Tamara,J,Brown,1930 Thomas Street,Wood Dale,IL,60191,847-512-7548,1957/05/18,Tamara.J.Brown@dodgit.com
198,female,Isabel,W,Ray,222 Brooklyn Street,Eugene,OR,97408,541-220-9175,1975/07/02,Isabel.W.Ray@spambob.com
199,male,Kenton,A,Hawkins,3036 Lunetta Street,Tampa,FL,33607,941-230-5857,1950/01/30,Kenton.A.Hawkins@dodgit.com
200,female,Thelma,J,Reese,969 Saint Francis Way,Philadelphia,PA,19108,267-244-0909,1982/07/19,Thelma.J.Reese@mailinator.com
201,male,Edward,L,Foster,2956 Mandan Road,Steelville,MO,65565,573-775-5533,1961/12/14,Edward.L.Foster@dodgit.com
202,female,Imelda,P,Walker,21 Mcwhorter Road,Jackson,MS,39201,662-485-3526,1945/12/07,Imelda.P.Walker@dodgit.com
203,female,Vanessa,R,Baker,4311 Mapleview Drive,Tampa,FL,33610,727-992-5295,1976/07/21,Vanessa.R.Baker@dodgit.com
204,female,Brandi,J,Moore,736 Sussex Court,Waco,TX,76701,254-393-7013,1945/07/13,Brandi.J.Moore@pookmail.com
205,female,Dayna,R,Real,1108 Grant Street,Sherman,TX,75090,903-892-8660,1958/08/31,Dayna.R.Real@dodgit.com
206,male,Ron,K,Howard,2659 Robinson Court,Saginaw,MI,48607,989-388-4347,1957/07/01,Ron.K.Howard@dodgit.com
207,male,George,D,Oleary,1054 Turkey Pen Road,New York,NY,10038,917-258-8206,1984/07/13,George.D.Oleary@mailinator.com
208,female,Alice,M,Johnstone,4091 Northwest Boulevard,Hackensack,NJ,7601,201-956-2011,1951/12/21,Alice.M.Johnstone@trashymail.com
209,male,Russell,G,Anderson,724 Joy Lane,Los Angeles,CA,90017,818-574-0678,1966/09/26,Russell.G.Anderson@dodgit.com
210,male,Horace,C,Malinowski,2013 Farnum Road,New York,NY,10011,212-294-3157,1970/01/13,Horace.C.Malinowski@pookmail.com
211,male,Charles,A,Brandon,1289 Godfrey Street,Portland,OR,97205,503-563-7905,1977/05/09,Charles.A.Brandon@trashymail.com
212,female,Jessie,J,Paul,2096 Blue Spruce Lane,Owings Mills,MD,21117,410-363-0564,1960/02/29,Jessie.J.Paul@trashymail.com
213,female,Ashley,G,Edwards,750 Honeysuckle Lane,Vancouver,WA,98686,360-574-3044,1950/12/05,Ashley.G.Edwards@spambob.com
214,female,Sheila,J,Gardner,1275 Marietta Street,Mare Island,CA,94592,707-562-2761,1950/03/03,Sheila.J.Gardner@mailinator.com
215,male,Robert,M,Jerkins,1307 Broadway Street,Charleston,SC,29405,843-824-5269,1952/03/17,Robert.M.Jerkins@spambob.com
216,male,Henry,M,Davis,4926 Center Street,The Dalles,OR,97058,541-978-6517,1946/06/06,Henry.M.Davis@spambob.com
217,male,Roy,S,Peters,1799 Leo Street,Denver,CO,80216,720-935-9212,1965/08/20,Roy.S.Peters@trashymail.com
218,female,Alexandria,T,Rodriguez,4432 Edgewood Road,Sheridan,AR,72150,870-917-1597,1975/11/29,Alexandria.T.Rodriguez@spambob.com
219,male,Clyde,T,Parton,820 Timbercrest Road,Council,AK,99778,907-665-8220,1983/09/17,Clyde.T.Parton@mailinator.com
220,female,Shawn,S,Mckenna,3881 Highland View Drive,Loomis,CA,95650,916-660-4800,1964/10/14,Shawn.S.Mckenna@mailinator.com
221,female,Anne,D,Dalton,206 Anmoore Road,Westbury,NY,11590,718-791-3220,1963/12/07,Anne.D.Dalton@spambob.com
222,female,Fannie,J,Beringer,3380 O Conner Street,Biloxi,MS,39531,228-594-4719,1952/04/14,Fannie.J.Beringer@spambob.com
223,female,Kim,T,Lewis,2546 Edgewood Road,Little Rock,AR,72201,870-965-4855,1959/05/21,Kim.T.Lewis@pookmail.com
224,male,Lee,T,Colvin,3162 Breezewood Court,Wichita,KS,67202,620-446-5849,1968/04/10,Lee.T.Colvin@spambob.com
225,female,Mae,A,Rodrigue,1732 Oakwood Circle,Pomona,CA,91766,949-331-1993,1985/06/14,Mae.A.Rodrigue@trashymail.com
226,male,Marion,J,Bascom,710 Seth Street,Ozona,TX,76943,325-392-6371,1968/05/07,Marion.J.Bascom@dodgit.com
227,male,Frank,K,Koenig,4182 Reynolds Alley,Irvine,CA,92614,562-331-4676,1977/05/20,Frank.K.Koenig@spambob.com
228,male,Thomas,A,Magee,2376 Harvest Lane,Bakersfield,CA,93304,661-204-9335,1952/10/04,Thomas.A.Magee@mailinator.com
229,male,Jerry,J,Barnes,349 Kyle Street,Grand Island,NE,68801,308-550-8332,1974/07/05,Jerry.J.Barnes@pookmail.com
230,male,Willian,B,Mcintyre,3128 Edgewood Road,Fulton,AR,71838,870-896-3981,1965/09/16,Willian.B.Mcintyre@dodgit.com
231,male,Evan,J,Scheffer,428 Renwick Drive,Philadelphia,PA,19103,484-284-6028,1967/06/07,Evan.J.Scheffer@trashymail.com
232,female,Sarah,E,Garcia,3480 Reeves Street,Grand Chute,WI,54913,920-804-6142,1947/01/03,Sarah.E.Garcia@mailinator.com
233,male,Keith,P,Obrien,2940 Ottis Street,Minco,OK,73059,405-352-5808,1976/01/26,Keith.P.Obrien@mailinator.com
234,female,Jeannette,A,Cavender,108 Saint Francis Way,Brookfield,WI,53005,262-939-5782,1945/08/29,Jeannette.A.Cavender@trashymail.com
235,female,Bernice,J,Pollard,228 Veltri Drive,Anchorage,AK,99503,907-301-0159,1963/01/10,Bernice.J.Pollard@trashymail.com
236,female,Mildred,B,Alvarez,777 Henery Street,Leon,KS,67074,316-745-2937,1963/01/27,Mildred.B.Alvarez@mailinator.com
237,female,Gladys,L,Jennings,234 Single Street,Boston,MA,2110,781-573-7869,1959/01/26,Gladys.L.Jennings@trashymail.com
238,male,Larry,M,Holmes,4435 Oakway Lane,Los Angeles,CA,90017,818-329-3091,1944/08/31,Larry.M.Holmes@pookmail.com
239,female,Sherry,J,Zeller,4770 Lowndes Hill Park Road,Palmdale,CA,93552,661-533-5726,1956/02/21,Sherry.J.Zeller@spambob.com
240,female,Janet,W,Taylor,3982 Small Street,New York,NY,10011,212-847-8730,1945/03/19,Janet.W.Taylor@trashymail.com
241,female,Teresa,R,Webster,4838 Platinum Drive,Scottdale,PA,15683,724-806-7996,1958/11/16,Teresa.R.Webster@pookmail.com
242,male,Salvador,D,Cook,3392 Poling Farm Road,Wynot,NE,68792,402-357-0374,1971/01/02,Salvador.D.Cook@pookmail.com
243,female,Karrie,T,Goldblatt,2710 Stone Lane,West Brunswick Twp,PA,19549,610-424-9626,1978/03/09,Karrie.T.Goldblatt@dodgit.com
244,female,Esther,N,Hughes,1145 Boring Lane,San Francisco,CA,94110,415-695-2145,1959/12/19,Esther.N.Hughes@dodgit.com
245,female,Tiffany,C,Heard,1046 Abia Martin Drive,Hicksville,NY,11612,631-465-6105,1985/02/15,Tiffany.C.Heard@spambob.com
246,female,Viola,D,Pippin,1482 Hide A Way Road,San Jose,CA,95113,408-286-4809,1971/08/08,Viola.D.Pippin@spambob.com
247,male,Clinton,L,Williams,4027 Dovetail Estates,Clinton,OK,73601,580-915-1998,1960/04/14,Clinton.L.Williams@dodgit.com
248,male,Michael,E,Kautz,1211 Kessla Way,Conway,SC,29527,843-397-7085,1985/06/09,Michael.E.Kautz@trashymail.com
249,male,Randall,J,Mccarthy,896 Stratford Drive,Honolulu,HI,96814,808-277-9113,1982/05/01,Randall.J.Mccarthy@dodgit.com
250,male,Clemente,M,Blake,2986 Glendale Avenue,Burbank,CA,91504,818-693-2151,1964/08/19,Clemente.M.Blake@trashymail.com
251,male,Percy,A,Hendricks,4784 Franklin Avenue,Corpus Christi,TX,78418,361-937-5191,1945/11/07,Percy.A.Hendricks@spambob.com
252,female,Marcella,T,Petrosky,887 Carriage Lane,Mansfield,OH,44907,567-443-9541,1961/10/23,Marcella.T.Petrosky@spambob.com
253,female,Donna,J,Ragan,1851 Del Dew Drive,Mechanicsville,MD,20659,301-884-7047,1964/05/12,Donna.J.Ragan@dodgit.com
254,female,Bettina,E,Vanzandt,837 Conaway Street,Petersburg,IN,47567,812-407-4708,1985/07/16,Bettina.E.Vanzandt@spambob.com
255,male,Earl,K,Schuster,3243 Renwick Drive,Philadelphia,PA,19108,484-259-2196,1968/01/21,Earl.K.Schuster@dodgit.com
256,female,Eleanor,H,Richmond,3024 Hannah Street,Hickory,NC,28601,828-315-8310,1971/03/28,Eleanor.H.Richmond@dodgit.com
257,female,Shirley,M,Franklin,4215 Lunetta Street,Wichita Falls,TX,76301,940-867-7689,1942/01/18,Shirley.M.Franklin@dodgit.com
258,female,Ann,M,Potts,4316 Eagle Street,Belleville,IL,62220,618-385-9251,1983/03/24,Ann.M.Potts@trashymail.com
259,male,Frederick,W,Chapman,2159 Capitol Avenue,Eminence,IN,46125,765-528-6220,1956/01/31,Frederick.W.Chapman@pookmail.com
260,male,Joe,J,Hernandez,3680 Doctors Drive,Hermosa Beach,CA,90254,310-372-1098,1967/06/24,Joe.J.Hernandez@spambob.com
261,male,Adam,M,Miller,2895 Thompson Street,Long Beach,CA,90802,562-624-1336,1974/03/19,Adam.M.Miller@trashymail.com
262,male,Ronald,C,Walton,4295 Rockford Mountain Lane,Morrisville,NC,27560,919-991-8512,1961/10/26,Ronald.C.Walton@spambob.com
263,male,Joseph,M,Scherer,1908 Emeral Dreams Drive,Dixon,IL,61021,815-288-6914,1963/09/23,Joseph.M.Scherer@mailinator.com
264,male,Elias,P,Montague,928 Hillview Street,Columbia,SC,29201,803-690-7274,1942/08/07,Elias.P.Montague@pookmail.com
265,female,Carolyn,C,Franklin,954 Elliot Avenue,Seattle,WA,98121,206-615-0926,1965/08/28,Carolyn.C.Franklin@spambob.com
266,female,Diana,T,Rivera,4720 Passaic Street,Little Ferry,NJ,7643,201-440-0981,1952/10/24,Diana.T.Rivera@mailinator.com
267,male,Bryon,A,Gasaway,708 Hillside Drive,West Roxbury,MA,2132,339-226-8094,1982/07/24,Bryon.A.Gasaway@spambob.com
268,male,Judson,E,Russell,1899 Heavner Avenue,Duluth,GA,30097,770-876-5275,1957/01/07,Judson.E.Russell@pookmail.com
269,male,Joseph,M,Horrocks,2933 Viking Drive,Sciotoville,OH,45662,740-776-0375,1973/09/30,Joseph.M.Horrocks@mailinator.com
270,female,Jessica,D,Wright,1268 Mahlon Street,Farmington Hills,MI,48335,734-215-7037,1964/12/12,Jessica.D.Wright@pookmail.com
271,male,Matthew,H,Cain,1254 Bombardier Way,Southfield,MI,48235,734-864-6208,1960/08/31,Matthew.H.Cain@dodgit.com
272,male,Victor,C,Stewart,4789 Melville Street,Yorkville,TN,38389,731-504-8416,1956/01/13,Victor.C.Stewart@trashymail.com
273,male,Robert,N,Mcdade,4596 Willison Street,Palm Springs,CA,92262,760-992-8505,1960/03/23,Robert.N.Mcdade@spambob.com
274,male,Alfredo,J,Anderson,4349 Parkway Street,Los Angeles,CA,90017,760-309-6746,1967/07/14,Alfredo.J.Anderson@dodgit.com
275,female,Karen,J,Parks,4838 College Avenue,Harrison (twp) Montgomery,OH,45406,937-403-1662,1949/08/27,Karen.J.Parks@dodgit.com
276,male,Jeremy,J,Davis,2909 Crosswind Drive,Madisonville,KY,42431,270-916-5849,1969/10/30,Jeremy.J.Davis@spambob.com
277,male,Scott,M,Richardson,4103 Oakridge Farm Lane,Milwaukee,WI,53225,262-388-2112,1973/12/05,Scott.M.Richardson@spambob.com
278,female,Julia,R,Hightower,3192 Charack Road,Terre Haute,IN,47807,812-242-7999,1957/08/09,Julia.R.Hightower@trashymail.com
279,male,Richard,B,Bell,1545 Melody Lane,Glen Allen,VA,23060,804-426-4450,1985/07/20,Richard.B.Bell@pookmail.com
280,female,Rebecca,J,Wilson,1037 Drainer Avenue,Jacksonville,FL,32202,850-555-7415,1952/12/11,Rebecca.J.Wilson@dodgit.com
281,female,Marguerite,R,Kearney,2631 Sugar Camp Road,Redwood Falls,MN,56283,507-640-4633,1984/09/24,Marguerite.R.Kearney@dodgit.com
282,female,Ileana,J,Farina,4674 Kerry Way,Downey,CA,90241,562-861-0658,1985/06/15,Ileana.J.Farina@pookmail.com
283,female,Alma,M,Smith,556 Maud Street,Dagsboro,DE,19939,302-732-4224,1980/05/29,Alma.M.Smith@mailinator.com
284,female,Elizabeth,B,Moya,4979 Angus Road,New York,NY,10004,212-458-1417,1963/07/11,Elizabeth.B.Moya@pookmail.com
285,male,Joseph,N,Snavely,4746 Hall Place,Paris,TX,75460,903-782-1050,1947/11/10,Joseph.N.Snavely@trashymail.com
286,female,Suzette,L,Brooks,4543 Henery Street,Indianapolis,IN,46225,317-203-6034,1963/08/28,Suzette.L.Brooks@pookmail.com
287,male,Scott,J,Stine,4823 Arlington Avenue,Jonesboro,AR,72401,870-268-0935,1983/11/30,Scott.J.Stine@mailinator.com
288,male,Todd,D,High,2605 Coleman Avenue,La Quinta,CA,92253,760-771-5145,1981/02/19,Todd.D.High@spambob.com
289,female,Mario,R,Mccarver,4665 Webster Street,Woodbridge,NJ,7095,732-602-0015,1979/04/13,Mario.R.Mccarver@dodgit.com
290,male,Walter,S,Shealy,4736 Jefferson Street,Hampton,VA,23666,757-827-4341,1959/12/16,Walter.S.Shealy@pookmail.com
291,male,Carlos,V,Garnett,3530 Godfrey Street,Oregon City,OR,97045,503-631-7028,1976/12/03,Carlos.V.Garnett@mailinator.com
292,male,Michael,S,Manning,1942 Hanover Street,Syosset,NY,11791,917-688-4200,1982/09/07,Michael.S.Manning@spambob.com
293,female,Lisa,J,James,4567 Lincoln Street,White Horse,NJ,8610,609-439-0637,1977/02/24,Lisa.J.James@dodgit.com
294,female,Tamra,V,Young,1447 Perry Street,Westland,MI,48185,810-656-1620,1959/04/07,Tamra.V.Young@mailinator.com
295,male,Steven,D,Menendez,87 Tully Street,Detroit,MI,48226,313-657-7066,1960/11/10,Steven.D.Menendez@trashymail.com
296,female,Celia,J,Brooks,425 Heavner Avenue,Smyrna,GA,30080,770-801-0852,1946/10/26,Celia.J.Brooks@pookmail.com
297,male,Stephan,R,Fierro,3809 Hillhaven Drive,Hollywood,CA,90028,323-860-1452,1971/08/08,Stephan.R.Fierro@mailinator.com
298,male,James,A,Wilson,2129 Pearlman Avenue,Bedford,MA,1730,978-237-4629,1966/03/27,James.A.Wilson@dodgit.com
299,female,Addie,J,Hoffman,3339 Parkway Drive,Tucson,AZ,85704,520-531-0740,1980/01/05,Addie.J.Hoffman@trashymail.com
300,male,Salvador,L,Brooks,4846 Clair Street,Cranfills Gap,TX,76637,254-597-5760,1985/08/05,Salvador.L.Brooks@mailinator.com
301,male,Robert,C,Fleming,694 Romrog Way,Grand Island,NE,68801,308-340-0679,1985/07/30,Robert.C.Fleming@spambob.com
302,female,Diana,A,Perry,2721 Jessie Street,Westerville,OH,43081,740-619-0842,1943/12/06,Diana.A.Perry@pookmail.com
303,female,Dusty,L,Tally,359 Bolman Court,Mattoon,IL,61938,217-294-1895,1959/01/14,Dusty.L.Tally@dodgit.com
304,male,Robert,G,Coleman,3072 Flinderation Road,Chicago,IL,60605,708-294-9218,1958/09/23,Robert.G.Coleman@spambob.com
305,female,Diane,C,Frank,3993 Deer Ridge Drive,Jersey City,NJ,7305,973-544-7183,1978/06/02,Diane.C.Frank@mailinator.com
306,male,Robert,C,Burton,1571 Honeysuckle Lane,Seattle,WA,98122,360-555-2127,1969/06/05,Robert.C.Burton@mailinator.com
307,male,Paul,H,Harris,2384 Bell Street,New York,NY,10007,212-236-3313,1948/11/19,Paul.H.Harris@pookmail.com
308,male,Larry,J,Landis,3634 Lyndon Street,Philadelphia,PA,19103,610-784-4589,1982/05/06,Larry.J.Landis@dodgit.com
309,female,Allyson,E,Talavera,4436 Walnut Avenue,Boise,ID,83716,208-794-1798,1943/07/05,Allyson.E.Talavera@pookmail.com
310,female,Esther,N,Culver,75 Cody Ridge Road,Grandfield,OK,73546,580-479-5235,1972/12/08,Esther.N.Culver@pookmail.com
311,female,Catherine,F,Bush,3298 Broaddus Avenue,Paducah,KY,42001,270-280-1542,1965/08/19,Catherine.F.Bush@pookmail.com
312,female,Linda,K,Cabe,4470 Little Acres Lane,Mattoon,IL,61938,217-957-6759,1950/10/08,Linda.K.Cabe@trashymail.com
313,female,Sherry,W,Morrison,1094 Summit Park Avenue,Southfield,MI,48076,248-967-6315,1984/01/20,Sherry.W.Morrison@trashymail.com
314,female,Mary,E,Brice,1223 Calvin Street,Hanover,MD,21076,443-414-9639,1952/11/05,Mary.E.Brice@trashymail.com
315,male,Clarence,P,Annunziata,3238 Colonial Drive,Houston,TX,77032,979-709-2788,1970/12/18,Clarence.P.Annunziata@spambob.com
316,male,Claude,M,Greenwell,2273 Kelley Road,Gulfport,MS,39503,228-328-4509,1966/09/11,Claude.M.Greenwell@mailinator.com
317,male,Michael,M,Welch,620 Flanigan Oaks Drive,Capitol Heights,MD,20027,301-336-5478,1952/05/22,Michael.M.Welch@mailinator.com
318,female,Lillian,B,Landreth,3910 Sycamore Street,San Jose,CA,95113,408-975-3226,1950/05/15,Lillian.B.Landreth@trashymail.com
319,female,Diane,J,Castellanos,1320 Michigan Avenue,Waynesburg,PA,15370,724-627-7053,1959/06/06,Diane.J.Castellanos@pookmail.com
320,female,Diane,A,Martinez,401 Beechwood Drive,Pittsburgh,PA,15203,412-265-6519,1977/11/16,Diane.A.Martinez@pookmail.com
321,male,Angelo,D,Reed,910 West Drive,Chicago,IL,60606,312-556-4948,1950/05/10,Angelo.D.Reed@pookmail.com
322,female,Doris,A,Streeter,1513 North Street,Stanardsville,VA,22973,434-992-4887,1968/08/24,Doris.A.Streeter@pookmail.com
323,female,Lois,K,Heinz,267 Lawman Avenue,Washington,VA,20004,703-272-5398,1941/02/24,Lois.K.Heinz@spambob.com
324,female,Janet,C,Lang,2216 Freed Drive,Stockton,CA,95219,209-743-8184,1973/06/19,Janet.C.Lang@mailinator.com
325,female,Lois,G,Zimmerman,758 Alexander Drive,Wichita Falls,TX,76301,940-403-7814,1979/03/21,Lois.G.Zimmerman@spambob.com
326,female,Lettie,T,Caswell,3444 Brown Avenue,Greenville,SC,29601,864-975-4745,1979/01/06,Lettie.T.Caswell@dodgit.com
327,male,Ramon,D,Wedding,3905 Sunny Day Drive,Los Angeles,CA,90071,714-851-0930,1965/09/11,Ramon.D.Wedding@pookmail.com
328,male,Gabriel,L,Decker,4355 Nuzum Court,Getzville,NY,14068,716-564-4306,1955/08/01,Gabriel.L.Decker@trashymail.com
329,male,Daryl,C,Martinez,768 Masonic Drive,Glasgow,MT,59230,406-650-4179,1975/11/30,Daryl.C.Martinez@mailinator.com
330,male,Brian,C,Stallworth,2849 Oliver Street,Arlington,TX,76010,817-317-9625,1981/08/14,Brian.C.Stallworth@dodgit.com
331,male,Mike,L,Moss,705 Emily Drive,Elloree,SC,29047,803-897-4028,1973/07/27,Mike.L.Moss@pookmail.com
332,male,Mark,D,Rupert,4856 Alpha Avenue,Athens,TX,75751,903-992-0707,1977/08/08,Mark.D.Rupert@spambob.com
333,male,Daniel,R,Huffman,3316 Bungalow Road,Omaha,NE,68136,402-896-8262,1966/02/17,Daniel.R.Huffman@spambob.com
334,female,Cheyenne,N,Taylor,908 Lyndon Street,West Chester,PA,19382,610-701-5417,1960/02/07,Cheyenne.N.Taylor@spambob.com
335,female,Kathleen,J,Brooks,349 Buck Drive,Brattleboro,VT,5301,802-213-6533,1946/09/23,Kathleen.J.Brooks@trashymail.com
336,female,Isabelle,F,Compton,1993 Zappia Drive,Lexington,KY,40507,859-401-9221,1970/08/11,Isabelle.F.Compton@pookmail.com
337,male,Marco,A,Smith,2584 Scenic Way,Springfield,IL,62701,217-744-0442,1965/11/28,Marco.A.Smith@mailinator.com
338,male,Jerry,M,Mckelvy,3670 Ingram Street,Dayton,OH,45402,937-530-2595,1942/08/30,Jerry.M.Mckelvy@pookmail.com
339,female,Jaime,J,East,309 Hilltop Haven Drive,Vernon,NJ,7462,973-864-9889,1973/10/14,Jaime.J.East@dodgit.com
340,male,Ralph,C,Clark,45 Tator Patch Road,Hickory Hills,IL,60457,312-848-0936,1946/03/27,Ralph.C.Clark@mailinator.com
341,female,Mary,M,Ashley,3059 Timber Oak Drive,Lubbock,TX,79414,806-239-9908,1941/12/27,Mary.M.Ashley@pookmail.com
342,female,Gay,F,Davis,4741 Irving Road,Newport (washington),OH,45768,740-473-9121,1954/01/27,Gay.F.Davis@mailinator.com
343,male,Thomas,L,Casados,477 Leverton Cove Road,Springfield,MA,1103,413-315-2209,1947/08/21,Thomas.L.Casados@dodgit.com
344,female,June,C,Peters,2131 Rhapsody Street,Ocala,FL,34471,352-295-3231,1950/01/07,June.C.Peters@dodgit.com
345,female,Margret,B,Berkowitz,4224 Bruce Street,Saint Louis,MO,63130,314-290-8637,1974/12/02,Margret.B.Berkowitz@pookmail.com
346,male,James,L,Riggins,4142 Duffy Street,Gary,IN,46402,219-883-6130,1983/07/22,James.L.Riggins@dodgit.com
347,female,Lisa,A,Wade,4804 Bingamon Road,Cleveland,OH,44115,440-492-6762,1954/11/03,Lisa.A.Wade@pookmail.com
348,male,Willie,B,Davis,2989 Brown Avenue,Grover,SC,28073,864-936-6934,1951/11/17,Willie.B.Davis@spambob.com
349,female,Sheron,R,Rasmussen,4909 Pine Garden Lane,Atlanta,GA,30303,770-746-5300,1946/04/13,Sheron.R.Rasmussen@spambob.com
350,female,Rebecca,N,Zeiger,370 Maple Court,Sikeston,MO,63801,573-361-3496,1981/06/08,Rebecca.N.Zeiger@spambob.com
351,female,Angela,E,Tucker,2184 Hillcrest Avenue,Brockton,MA,2401,781-857-9220,1979/03/06,Angela.E.Tucker@dodgit.com
352,female,Rae,E,Phillip,2196 Cherry Ridge Drive,Friendship,NY,14739,585-973-3124,1954/06/03,Rae.E.Phillip@dodgit.com
353,female,Katherine,M,Rigdon,1417 Oliver Street,Acton,TX,76050,817-326-3174,1967/01/24,Katherine.M.Rigdon@spambob.com
354,female,Stacey,L,Dick,185 Burton Avenue,Memphis,TN,38110,901-626-7408,1954/07/09,Stacey.L.Dick@trashymail.com
355,male,Erick,J,Johnson,961 Farland Avenue,Victoria,TX,77901,830-458-2294,1985/03/07,Erick.J.Johnson@dodgit.com
356,female,Lucille,D,Johnston,1037 Romrog Way,Grand Island,NE,68801,308-214-9512,1952/03/11,Lucille.D.Johnston@dodgit.com
357,male,Dennis,S,Cochran,1373 Worley Avenue,South Boston,VA,24592,434-471-0109,1965/01/12,Dennis.S.Cochran@pookmail.com
358,male,Anthony,M,Swift,3905 Millbrook Road,Westchester,IL,60154,630-838-1196,1942/02/10,Anthony.M.Swift@dodgit.com
359,female,Naomi,L,Merced,1851 Dark Hollow Road,La Valle,WI,53941,608-985-1724,1955/09/16,Naomi.L.Merced@pookmail.com
360,female,Rose,G,Tavares,4382 Hide A Way Road,San Jose,CA,95113,408-275-9277,1943/08/27,Rose.G.Tavares@mailinator.com
361,male,Steven,H,Foster,2141 Brown Avenue,Knoxville,TN,37921,865-235-7705,1972/08/10,Steven.H.Foster@spambob.com
362,male,Gerald,B,Dwyer,2069 Michael Street,Houston,TX,77074,713-776-3065,1955/02/11,Gerald.B.Dwyer@trashymail.com
363,female,Nona,J,Davie,1101 Burnside Avenue,Corinne,UT,84307,435-744-2874,1967/03/10,Nona.J.Davie@pookmail.com
364,male,Louis,R,Becker,1985 Bartlett Avenue,Royal Oak,MI,48067,248-544-8146,1983/04/26,Louis.R.Becker@pookmail.com
365,male,Jay,M,Smith,3354 Callison Lane,Philadelphia,DE,19103,302-566-1534,1981/07/22,Jay.M.Smith@mailinator.com
366,male,Frank,L,Kuykendall,3426 Hart Street,West Hartford,CT,6107,860-313-1286,1958/06/17,Frank.L.Kuykendall@trashymail.com
367,female,Linda,C,Landy,4040 Eden Drive,Glen Allen,VA,23060,804-874-2780,1949/08/13,Linda.C.Landy@pookmail.com
368,male,Arthur,P,Fuller,1534 Upton Avenue,Westbrook,ME,4092,207-914-0041,1947/07/10,Arthur.P.Fuller@trashymail.com
369,male,Lyle,A,Grasser,4186 Carter Street,Blairsville (hamilton),IL,62859,618-757-0841,1980/10/19,Lyle.A.Grasser@trashymail.com
370,male,Charles,M,Hunt,386 Limer Street,Columbus,GA,31901,706-458-5139,1945/03/29,Charles.M.Hunt@dodgit.com
371,female,Carolyn,R,Spencer,276 Lightning Point Drive,Memphis,TN,38110,901-494-0300,1983/08/29,Carolyn.R.Spencer@dodgit.com
372,female,Elizabeth,C,Langston,3005 Hamill Avenue,San Diego,CA,92103,858-428-0001,1962/08/19,Elizabeth.C.Langston@trashymail.com
373,male,Randall,A,Bentley,1038 Ryan Road,Canova,SD,57321,605-523-4249,1972/12/26,Randall.A.Bentley@spambob.com
374,male,Jeff,R,Albertson,757 Kelly Drive,Spencer,WV,25276,304-927-3256,1968/11/07,Jeff.R.Albertson@spambob.com
375,male,Curt,J,Eisenhauer,3119 Heliport Loop,Spurgeon,IN,47584,812-721-1515,1947/12/18,Curt.J.Eisenhauer@pookmail.com
376,female,Annie,L,Bautista,3111 Dogwood Lane,Tucson,AZ,85711,520-571-8801,1985/02/22,Annie.L.Bautista@trashymail.com
377,male,Frank,K,Price,3738 Reeves Street,Appleton,WI,54911,920-809-8603,1975/12/15,Frank.K.Price@dodgit.com
378,female,Alma,E,Rector,2564 Diamond Street,Boone,NC,28607,828-457-8285,1965/08/09,Alma.E.Rector@spambob.com
379,female,Shannon,J,Seidl,4489 Flanigan Oaks Drive,Waldorf,MD,20601,301-396-8137,1948/03/31,Shannon.J.Seidl@trashymail.com
380,male,Billy,M,Denton,2701 Simpson Square,Marlow,OK,73055,580-658-3272,1943/05/17,Billy.M.Denton@dodgit.com
381,female,Jayne,S,Harper,2607 Spruce Drive,Pittsburgh,PA,15212,724-973-6660,1979/01/26,Jayne.S.Harper@dodgit.com
382,female,Gloria,E,Page,3566 Ray Court,Wilmington,NC,28412,910-294-8239,1946/12/29,Gloria.E.Page@dodgit.com
383,female,Christine,K,Brown,2248 Lyndon Street,Philadelphia,PA,19108,610-707-2664,1962/10/12,Christine.K.Brown@spambob.com
384,male,Jimmie,P,Odom,1892 Deer Haven Drive,Greenville,SC,29601,864-354-2043,1955/04/06,Jimmie.P.Odom@dodgit.com
385,female,Jessica,A,Bastien,786 Reynolds Alley,La Habra,CA,90631,562-266-0611,1963/08/05,Jessica.A.Bastien@pookmail.com
386,male,Trent,J,Rangel,953 Rosebud Avenue,West Memphis,AR,72301,870-400-2482,1980/07/11,Trent.J.Rangel@spambob.com
387,female,Amanda,K,Vines,4203 Southern Street,New York,NY,10013,516-600-4620,1959/12/26,Amanda.K.Vines@dodgit.com
388,male,Christopher,L,Cannon,4961 Bond Street,West Warwick,RI,2893,401-823-1886,1974/08/02,Christopher.L.Cannon@dodgit.com
389,female,Migdalia,D,Sykora,3491 Cityview Drive,Coatesville,PA,19320,610-466-6519,1971/06/29,Migdalia.D.Sykora@spambob.com
390,female,Marla,G,Dahl,792 Turkey Pen Road,New York,NY,10016,917-283-0518,1942/08/06,Marla.G.Dahl@spambob.com
391,male,Jerry,L,Barrie,1089 Glen Falls Road,Philadelphia,PA,19123,215-866-2568,1944/08/11,Jerry.L.Barrie@spambob.com
392,female,Jenny,W,Shrader,4059 Simpson Square,Marlow,OK,73055,580-658-1325,1945/12/27,Jenny.W.Shrader@dodgit.com
393,male,Armando,A,King,2643 Rollins Road,Grand Island,NE,68801,308-947-3249,1983/09/03,Armando.A.King@dodgit.com
394,male,Kasey,K,Snyder,4003 Briarwood Drive,Camden,NJ,8102,856-522-1549,1947/03/03,Kasey.K.Snyder@pookmail.com
395,male,Rogelio,P,Schroeder,2553 Earnhardt Drive,Louisville,KY,40202,502-688-3594,1980/08/20,Rogelio.P.Schroeder@pookmail.com
396,male,Lee,E,Fryar,2048 Beeghley Street,Waco,TX,76706,254-913-6688,1948/09/17,Lee.E.Fryar@spambob.com
397,female,Grace,S,Mcmahon,3628 Washburn Street,Baton Rouge,LA,70806,225-341-5909,1942/04/06,Grace.S.Mcmahon@mailinator.com
398,female,Madeleine,J,Northcutt,2854 Feathers Hooves Drive,Bethpage,NY,11714,631-608-7260,1969/05/20,Madeleine.J.Northcutt@dodgit.com
399,female,Kimberly,B,White,1677 Sherman Street,Chapman,KS,67431,785-922-1547,1964/02/11,Kimberly.B.White@spambob.com
400,female,Martha,C,Santacruz,843 Berry Street,Sheridan Lake,CO,81071,719-739-6143,1976/10/24,Martha.C.Santacruz@mailinator.com
401,female,Carol,M,Moon,3725 Woodstock Drive,Pomona,CA,91766,626-509-2122,1974/04/25,Carol.M.Moon@dodgit.com
402,female,Christine,M,Sipes,4974 Blane Street,Saint Louis,MO,63141,314-576-7899,1967/11/27,Christine.M.Sipes@mailinator.com
403,male,Mark,R,Tse,875 Bridge Avenue,Lafayette,LA,70501,337-793-7290,1948/12/02,Mark.R.Tse@trashymail.com
404,male,Otis,I,Hefley,4579 Eagle Street,Carterville,IL,62918,618-353-9636,1959/08/28,Otis.I.Hefley@dodgit.com
405,female,Lisa,D,Aiken,4462 My Drive,New York,NY,10013,347-289-5124,1977/03/25,Lisa.D.Aiken@dodgit.com
406,female,Patricia,E,Brickley,489 Jessie Street,Westerville,OH,43081,740-561-0226,1941/08/04,Patricia.E.Brickley@trashymail.com
407,female,Kristie,J,Keim,1358 Maple Court,Cape Girardeau,MO,63701,573-332-7378,1975/04/08,Kristie.J.Keim@dodgit.com
408,female,Amber,C,Hale,1463 Terra Street,Seattle,WA,98101,360-306-5269,1968/02/12,Amber.C.Hale@spambob.com
409,female,Shirley,J,Garcia,2126 American Drive,Marlton,NJ,8053,856-271-4849,1944/09/08,Shirley.J.Garcia@mailinator.com
410,female,Ashlee,T,Updike,219 Arbutus Drive,Miami,FL,33141,305-868-1611,1958/02/13,Ashlee.T.Updike@mailinator.com
411,female,Sarah,D,Bolden,2653 Drainer Avenue,Tallahassee,FL,32303,850-562-1670,1969/09/07,Sarah.D.Bolden@dodgit.com
412,female,Christine,V,Cameron,911 Ward Road,El Paso,TX,79912,915-203-5212,1951/07/07,Christine.V.Cameron@mailinator.com
413,female,Frances,S,Gomez,2265 Sheila Lane,Reno,NV,89501,775-458-2149,1954/01/05,Frances.S.Gomez@dodgit.com
414,male,Wade,C,Giambrone,4140 Armbrester Drive,Wilmington,CA,90744,310-513-8166,1943/09/19,Wade.C.Giambrone@spambob.com
415,male,Peter,E,Deane,3471 Cabell Avenue,Alexandria,VA,22304,703-567-1644,1943/04/05,Peter.E.Deane@spambob.com
416,male,Manuel,K,Canchola,195 Whitetail Lane,Irving,TX,75060,469-429-2751,1954/03/26,Manuel.K.Canchola@pookmail.com
417,female,Lena,C,White,99 Jadewood Drive,Chicago,IL,60631,224-388-6860,1974/04/14,Lena.C.White@spambob.com
418,male,Earl,N,Gorden,3520 Shingleton Road,Grand Rapids,MI,49503,269-405-9055,1947/04/03,Earl.N.Gorden@mailinator.com
419,male,Robert,F,Voorhees,1645 Glory Road,Nashville,TN,37201,931-807-9900,1965/09/25,Robert.F.Voorhees@dodgit.com
420,female,Patricia,P,Davis,840 Brown Street,Walnut Creek,CA,94596,925-945-1349,1977/12/17,Patricia.P.Davis@dodgit.com
421,male,Fred,M,Luman,3971 Heavner Court,Manhattan,NY,10016,516-278-4564,1944/02/14,Fred.M.Luman@pookmail.com
422,female,Jessie,A,Flint,3348 Airplane Avenue,Middletown,CT,6457,860-876-4350,1981/09/14,Jessie.A.Flint@spambob.com
423,female,Mary,R,Herzberg,3228 George Avenue,Mobile,AL,36602,251-434-1449,1962/05/22,Mary.R.Herzberg@spambob.com
424,female,Wilma,R,Boyd,1338 Brighton Circle Road,Winsted,MN,55395,320-485-8439,1958/04/28,Wilma.R.Boyd@spambob.com
425,male,Karl,B,Deitz,4096 Fieldcrest Road,Huntington,NY,11743,631-918-9503,1964/09/29,Karl.B.Deitz@spambob.com
426,female,Lois,T,Richter,2651 Hanover Street,New York,NY,10016,917-730-1254,1952/08/16,Lois.T.Richter@trashymail.com
427,female,Sheila,G,Conroy,2215 Raccoon Run,Seattle,WA,98116,206-935-3756,1942/11/19,Sheila.G.Conroy@spambob.com
428,male,Wesley,R,Mann,1161 Wilkinson Court,Fort Myers,FL,33901,239-738-2857,1965/02/21,Wesley.R.Mann@dodgit.com
429,male,Adam,C,Stclair,1363 Zappia Drive,Lexington,KY,40507,859-377-1367,1956/09/28,Adam.C.Stclair@dodgit.com
430,male,Erwin,M,Nunez,3815 Pickens Way,Cooper,TX,75432,903-395-4348,1974/02/25,Erwin.M.Nunez@trashymail.com
431,male,Sterling,M,Fernandez,3054 Walnut Street,Hattiesburg,MS,39401,601-569-4382,1957/05/21,Sterling.M.Fernandez@pookmail.com
432,female,Kimberly,H,Morton,4976 Lucy Lane,Chandler,IN,47610,812-470-5924,1972/01/19,Kimberly.H.Morton@mailinator.com
433,female,Yvonne,J,Walker,1976 Black Stallion Road,Fort Thomas,KY,41075,859-441-4293,1977/03/03,Yvonne.J.Walker@pookmail.com
434,male,William,L,Carlton,810 Linda Street,Philadelphia,PA,19108,267-729-9617,1975/03/28,William.L.Carlton@spambob.com
435,female,Pat,D,Maynard,3177 Mount Street,Auburn,MI,48611,989-662-4836,1947/04/02,Pat.D.Maynard@dodgit.com
436,female,Maria,J,Whittington,3908 Fancher Drive,Dallas,TX,75201,214-233-3826,1969/02/07,Maria.J.Whittington@spambob.com
437,female,Maria,M,Dailey,3817 Heron Way,Portland,OR,97204,503-855-2336,1981/01/06,Maria.M.Dailey@spambob.com
438,male,Vaughn,L,Quarles,310 Saint Francis Way,Madison,WI,53705,262-925-9698,1970/01/06,Vaughn.L.Quarles@trashymail.com
439,female,Brenda,D,Dukes,3638 Stutler Lane,Somerset,PA,15501,814-445-4840,1968/05/10,Brenda.D.Dukes@trashymail.com
440,female,Joan,S,Penn,1178 Saint Marys Avenue,Syracuse,NY,13202,315-805-2961,1965/03/14,Joan.S.Penn@dodgit.com
441,male,Craig,G,Knapp,186 McKinley Avenue,Denver,CO,80203,303-800-5728,1950/01/07,Craig.G.Knapp@pookmail.com
442,female,Jennifer,R,Cartagena,2541 Stutler Lane,State College,PA,16803,814-408-0772,1964/06/27,Jennifer.R.Cartagena@dodgit.com
443,female,Rachel,T,Bevers,445 Viking Drive,Lancaster,OH,43130,740-689-9416,1956/08/21,Rachel.T.Bevers@trashymail.com
444,male,David,E,Legg,3328 Burke Street,Malden,MA,2148,781-306-1357,1973/02/02,David.E.Legg@dodgit.com
445,female,Florene,R,Gallo,1139 Java Lane,Orangeburg,SC,29115,803-531-3597,1963/03/01,Florene.R.Gallo@mailinator.com
446,female,Ruth,J,Rondeau,4677 Echo Lane,Grand Rapids,MI,49503,269-757-4930,1940/06/28,Ruth.J.Rondeau@trashymail.com
447,female,Amber,R,Parshall,2454 Trainer Avenue,Peoria,IL,61602,309-501-9714,1955/12/29,Amber.R.Parshall@mailinator.com
448,female,Michele,L,Herren,3297 Berry Street,Colorado Springs,CO,80904,719-641-0908,1947/03/11,Michele.L.Herren@spambob.com
449,male,Thomas,J,Warren,3219 Old Dear Lane,Poughkeepsie,NY,12601,845-747-9211,1964/06/22,Thomas.J.Warren@spambob.com
450,male,Bradley,C,Leclair,3082 Mill Street,Anderson,SC,29621,864-260-2475,1940/06/07,Bradley.C.Leclair@pookmail.com
451,male,Bernie,A,Weber,1365 Stoneybrook Road,Orlando,FL,32810,321-662-2755,1952/02/19,Bernie.A.Weber@trashymail.com
452,male,Kenneth,D,Embree,999 Earnhardt Drive,Louisville,KY,40299,502-645-2381,1949/09/25,Kenneth.D.Embree@trashymail.com
453,male,Kevin,M,Zavala,1118 Rhapsody Street,Gainesville,FL,32601,352-395-3634,1984/03/15,Kevin.M.Zavala@trashymail.com
454,female,Willie,D,Green,307 Radio Park Drive,Augusta,GA,30904,706-736-1586,1982/07/06,Willie.D.Green@trashymail.com
455,female,Dorothy,M,Porter,2679 Walkers Ridge Way,Northbrook,IL,60062,630-294-2830,1962/10/27,Dorothy.M.Porter@pookmail.com
456,male,Ron,P,Baldwin,696 Whiteman Street,Camden,NJ,8102,609-979-4393,1957/01/21,Ron.P.Baldwin@dodgit.com
457,male,James,A,Barnett,142 Saints Alley,Tampa,FL,33610,813-629-4738,1973/08/23,James.A.Barnett@mailinator.com
458,male,Thomas,S,Dion,2570 Williams Mine Road,Secaucus,NJ,7094,908-248-8354,1959/03/21,Thomas.S.Dion@pookmail.com
459,male,David,B,Fife,3689 Wilson Avenue,Dallas,TX,75204,972-531-8303,1971/10/22,David.B.Fife@spambob.com
460,male,William,S,Mcneil,3380 Kerry Way,Pomona,CA,91766,562-781-2130,1973/11/27,William.S.Mcneil@dodgit.com
461,male,Paul,D,Edwards,2305 Columbia Boulevard,Severna Park,MD,21146,410-421-6984,1951/12/09,Paul.D.Edwards@trashymail.com
462,female,Theresa,R,Shuford,188 Martha Ellen Drive,Alamo,NV,89001,775-725-1017,1968/10/25,Theresa.R.Shuford@spambob.com
463,male,Joseph,S,Cox,2903 Midway Road,Rogers,AR,72756,479-616-0205,1949/08/19,Joseph.S.Cox@pookmail.com
464,female,Joan,A,Keiser,732 Locust Court,Santa Fe Springs,CA,90670,562-440-5822,1975/07/23,Joan.A.Keiser@spambob.com
465,female,Mattie,M,Pompey,1734 Johnson Street,Chapel Hill,NC,27514,919-933-4270,1945/05/21,Mattie.M.Pompey@dodgit.com
466,female,Betty,J,Santos,3348 Bassell Avenue,Perry,AR,72125,501-662-8021,1980/03/14,Betty.J.Santos@mailinator.com
467,female,Agnes,J,Story,18 Friendship Lane,Santa Clara,CA,95054,408-567-2773,1943/10/05,Agnes.J.Story@spambob.com
468,female,Sandy,J,Lewis,4671 Carter Street,Carbondale,IL,62901,618-715-9469,1981/10/27,Sandy.J.Lewis@spambob.com
469,female,Elizabeth,E,Smith,4422 Patterson Street,Cleburne,TX,76031,713-261-3971,1955/02/16,Elizabeth.E.Smith@trashymail.com
470,male,Carl,M,Ferreira,4125 Warner Street,Miami,FL,33179,305-986-3448,1954/09/24,Carl.M.Ferreira@trashymail.com
471,male,Phillip,U,Parrish,131 Garrett Street,Grand Rapids,MI,49503,269-205-0098,1981/05/10,Phillip.U.Parrish@spambob.com
472,female,Edna,L,Hinrichs,1349 Peaceful Lane,Cleveland,OH,44115,216-430-9309,1982/11/24,Edna.L.Hinrichs@trashymail.com
473,male,Terrance,J,Kitchen,665 Polk Street,Pearce,AZ,85625,520-826-4619,1972/12/16,Terrance.J.Kitchen@trashymail.com
474,female,Christine,T,Westbrook,3216 Berkshire Circle,Kingston,TN,37763,865-717-3653,1952/08/07,Christine.T.Westbrook@mailinator.com
475,female,Peggy,J,England,4060 Leo Street,Denver,CO,80202,720-944-6157,1969/04/28,Peggy.J.England@dodgit.com
476,male,Willard,S,Jacobs,4418 Archwood Avenue,Lyman,WY,69352,307-788-3334,1972/01/08,Willard.S.Jacobs@dodgit.com
477,female,Mary,L,Fitzgerald,2194 Hill Street,Margaretta (township),OH,44824,419-767-0611,1951/03/23,Mary.L.Fitzgerald@trashymail.com
478,male,Charles,M,Shelton,4730 Adams Drive,College Station,TX,77840,979-485-0504,1958/05/23,Charles.M.Shelton@pookmail.com
479,female,Barbara,G,Chamblee,1460 Hiddenview Drive,Philadelphia,PA,19146,215-982-4975,1969/09/19,Barbara.G.Chamblee@spambob.com
480,female,Catherine,A,Mccarthy,2761 Glenview Drive,Corpus Christi,TX,78476,361-492-3905,1955/06/24,Catherine.A.Mccarthy@dodgit.com
481,male,Adam,S,Ladd,364 Ella Street,Mountain View,CA,94041,650-314-0391,1950/05/16,Adam.S.Ladd@trashymail.com
482,male,Richard,K,Pena,1375 Sweetwood Drive,Arvada,CO,80002,303-424-5001,1974/01/17,Richard.K.Pena@trashymail.com
483,female,Rochelle,R,Jenkins,458 Glenwood Avenue,Cleveland,OH,44114,216-246-1820,1980/03/16,Rochelle.R.Jenkins@pookmail.com
484,female,Dawn,M,Yates,253 Small Street,New York,NY,10029,212-876-2316,1971/01/26,Dawn.M.Yates@trashymail.com
485,male,Craig,L,Dias,4824 Stoney Lane,Dallas,TX,75287,972-931-3986,1977/09/21,Craig.L.Dias@trashymail.com
486,female,Lynn,K,Rentz,197 Oakridge Lane,Macon,GA,31201,478-217-0648,1955/09/16,Lynn.K.Rentz@pookmail.com
487,female,Kimberly,J,Cortez,143 Arbor Court,Rawlins,WY,82301,307-324-8258,1959/08/21,Kimberly.J.Cortez@spambob.com
488,male,James,C,Blakley,3304 Saint James Drive,Harrisburg,PA,17102,717-450-4337,1941/04/01,James.C.Blakley@dodgit.com
489,male,Garry,B,Gordon,1795 Badger Pond Lane,Winter Haven,FL,33830,727-235-2059,1965/02/09,Garry.B.Gordon@spambob.com
490,female,Cindy,A,Stallings,1453 Coleman Avenue,Palm Springs,CA,92262,760-774-2617,1971/05/16,Cindy.A.Stallings@spambob.com
491,female,Anna,D,Reid,2511 Saint Francis Way,Eagleville,PA,19403,267-231-1632,1957/09/18,Anna.D.Reid@spambob.com
492,female,Katharine,E,Harvey,4047 Little Street,Akron,OH,44308,330-541-4567,1967/02/03,Katharine.E.Harvey@spambob.com
493,male,Thomas,M,Wright,67 Oliver Street,Burleson,TX,76028,817-295-2483,1948/02/17,Thomas.M.Wright@mailinator.com
494,male,Edwin,B,Carswell,4495 Tori Lane,Midvale,UT,84047,801-555-2598,1943/07/11,Edwin.B.Carswell@spambob.com
495,female,Marcie,C,Smith,2923 Charack Road,Loogootee,IN,47553,812-296-2217,1966/05/14,Marcie.C.Smith@pookmail.com
496,female,Judith,J,Perry,3416 Margaret Street,Houston,TX,77063,713-913-3793,1969/10/24,Judith.J.Perry@mailinator.com
497,female,Beatrice,R,Gillis,527 Duck Creek Road,Daly City,CA,94015,650-758-0798,1940/04/06,Beatrice.R.Gillis@mailinator.com
498,male,Donald,K,Seitz,3208 Walton Street,Salt Lake City,UT,84111,801-438-0703,1973/04/21,Donald.K.Seitz@spambob.com
499,male,Chase,T,Dibble,2607 Hewes Avenue,Linthicum Heights,MD,21090,443-633-6420,1972/04/27,Chase.T.Dibble@spambob.com
500,female,Jane,L,Monroe,2754 Simpson Street,Bloomington,IL,61701,309-831-2133,1976/04/12,Jane.L.Monroe@mailinator.com
501,male,Richard,M,Stipe,4049 Hilltop Haven Drive,Red Bank,NJ,7701,973-869-2155,1980/08/09,Richard.M.Stipe@mailinator.com
502,male,Richard,R,Hardin,419 Adams Drive,Houston,TX,77006,979-336-6192,1952/11/03,Richard.R.Hardin@mailinator.com
503,female,Ann,R,Passmore,1132 Cerullo Road,Louisville,KY,40202,502-391-6142,1959/06/11,Ann.R.Passmore@trashymail.com
504,male,Claude,S,Vannoy,2384 Thomas Street,Hoffman Estates,IL,60195,847-555-0949,1984/02/15,Claude.S.Vannoy@spambob.com
505,male,Ronald,J,Thompson,464 Matthews Street,Forrest,IL,61741,815-657-3371,1947/01/05,Ronald.J.Thompson@mailinator.com
506,male,Walter,O,Melvin,2520 Wilmar Farm Road,Herndon,MD,22070,240-335-4980,1954/11/15,Walter.O.Melvin@dodgit.com
507,male,Preston,S,Gordon,2732 Scott Street,West Haverstraw,NY,10993,845-429-6501,1953/08/05,Preston.S.Gordon@pookmail.com
508,male,Dennis,W,Pelham,3663 New Street,Portland,OR,97232,541-300-4411,1983/11/19,Dennis.W.Pelham@trashymail.com
509,female,Sherlyn,G,Francisco,1490 Frum Street,Nashville,TN,37207,615-305-4666,1968/04/11,Sherlyn.G.Francisco@mailinator.com
510,male,David,C,Pierce,2132 North Bend River Road,Vanceburg,KY,41179,606-796-6340,1958/03/22,David.C.Pierce@mailinator.com
511,male,Corey,M,Plemmons,1726 American Drive,Fort Walton Beach,FL,32548,850-978-0167,1980/12/14,Corey.M.Plemmons@pookmail.com
512,male,Robert,G,Runkle,1272 Gambler Lane,Houston,TX,77028,281-869-6820,1975/02/13,Robert.G.Runkle@trashymail.com
513,male,Robert,B,Mccray,2852 Hickory Street,Orem,UT,84058,801-722-7583,1979/01/27,Robert.B.Mccray@trashymail.com
514,male,Peter,H,Palmer,4126 Formula Lane,Richardson,TX,75081,469-624-3458,1962/09/04,Peter.H.Palmer@dodgit.com
515,female,Chelsea,G,Stinnett,4886 Goff Avenue,Bloomingdale,MI,49026,269-521-4241,1977/11/07,Chelsea.G.Stinnett@dodgit.com
516,male,Michael,R,Wright,4402 Nutter Street,Odessa,MO,64076,816-230-7531,1954/08/05,Michael.R.Wright@spambob.com
517,female,Elizabeth,T,Strickland,396 Maple Lane,Gadsden,AL,35901,256-547-7518,1955/11/14,Elizabeth.T.Strickland@trashymail.com
518,female,Carlotta,A,Doolittle,4980 Dola Mine Road,Raleigh,NC,27601,919-334-1535,1970/07/06,Carlotta.A.Doolittle@pookmail.com
519,female,Jennifer,J,Dixon,922 Reel Avenue,Farmington,NM,87402,505-330-6535,1962/03/17,Jennifer.J.Dixon@dodgit.com
520,female,Linda,J,Hamm,2722 Bluff Street,Hagerstown,MD,21740,301-797-6035,1984/10/05,Linda.J.Hamm@pookmail.com
521,male,Charles,B,Roberts,3670 Chatham Way,Beltsville,MD,20705,240-604-0567,1940/10/09,Charles.B.Roberts@spambob.com
522,female,Grace,T,Conti,4617 Rubaiyat Road,Grand Rapids,MI,49503,231-629-5303,1976/02/03,Grace.T.Conti@trashymail.com
523,female,Winifred,H,Ferreira,4285 Roy Alley,Denver,CO,80205,303-896-8250,1978/10/04,Winifred.H.Ferreira@mailinator.com
524,female,Margareta,A,Baird,4995 Westfall Avenue,Owatonna,MN,55060,507-203-0912,1971/09/25,Margareta.A.Baird@dodgit.com
525,male,Hugh,C,Ricketts,3667 Driftwood Road,Oakland,CA,94612,408-317-2415,1948/10/26,Hugh.C.Ricketts@mailinator.com
526,female,Joanna,E,Matthews,557 Heron Way,Tillamook,OR,97141,503-842-8945,1952/09/11,Joanna.E.Matthews@mailinator.com
527,male,Francis,A,Davis,3494 Broadway Avenue,Chattanooga,TN,37421,423-902-7063,1967/07/23,Francis.A.Davis@spambob.com
528,female,Gwendolyn,L,Sanchez,3521 Post Avenue,Climax,MN,56523,218-857-9639,1985/11/13,Gwendolyn.L.Sanchez@pookmail.com
529,male,Philip,D,Beard,2534 Traction Street,Greenville,SC,29601,864-449-1250,1962/01/21,Philip.D.Beard@mailinator.com
530,female,Tanya,J,Holder,1642 Romines Mill Road,Dallas,TX,75248,214-663-0186,1959/06/20,Tanya.J.Holder@mailinator.com
531,male,Jack,L,Robertson,1975 Jones Street,Mansfield,TX,76063,817-539-3403,1977/12/12,Jack.L.Robertson@mailinator.com
532,male,Patrick,P,Kellner,135 Point Street,Chicago,IL,60606,773-823-9601,1953/02/04,Patrick.P.Kellner@mailinator.com
533,female,Lorraine,M,Strickland,1079 Douglas Dairy Road,Martinsville,VA,24112,276-693-9320,1980/12/01,Lorraine.M.Strickland@pookmail.com
534,female,Holly,P,Wagoner,2432 Green Street,Nashville,TN,37201,615-532-8153,1983/09/19,Holly.P.Wagoner@dodgit.com
535,male,Kurt,G,Quinn,315 Cinnamon Lane,San Antonio,TX,78212,210-887-3863,1955/08/23,Kurt.G.Quinn@spambob.com
536,female,Rose,J,Compo,1218 Kovar Road,Cambridge,MA,2141,508-603-4769,1977/04/13,Rose.J.Compo@dodgit.com
537,male,Patrick,M,Johnson,3672 Stanton Hollow Road,Needham,MA,2192,781-523-6435,1940/01/20,Patrick.M.Johnson@pookmail.com
538,male,Richard,J,Yazzie,1118 Rockford Road,Reno,NV,89501,775-222-2967,1976/11/03,Richard.J.Yazzie@trashymail.com
539,female,Leslie,W,Cesar,4885 Nicholas Street,Salina,KS,67401,785-310-6522,1943/03/15,Leslie.W.Cesar@trashymail.com
540,female,Barbara,W,Daniels,422 Marcus Street,Huntsville,AL,35802,256-567-6652,1961/10/18,Barbara.W.Daniels@mailinator.com
541,male,Alonzo,M,Moffett,4939 Hidden Meadow Drive,Stanton,ND,58571,701-745-8757,1953/01/31,Alonzo.M.Moffett@mailinator.com
542,female,Peggy,J,Anthony,1163 Spring Avenue,Philadelphia,PA,19108,267-646-6947,1944/08/18,Peggy.J.Anthony@spambob.com
543,female,Mary,R,Freed,3853 Ash Street,Dallas,TX,75247,972-787-4699,1969/08/10,Mary.R.Freed@pookmail.com
544,female,Martha,J,Eckert,4356 Poplar Avenue,Imperial Beach,CA,92032,619-575-4910,1983/10/10,Martha.J.Eckert@dodgit.com
545,female,Elizabeth,G,Washington,4364 Melville Street,Arlington,TN,38002,731-445-7240,1982/06/05,Elizabeth.G.Washington@pookmail.com
546,female,Lillian,J,Leonard,1685 Austin Secret Lane,Monticello,UT,84535,435-459-5027,1967/12/17,Lillian.J.Leonard@spambob.com
547,male,Rigoberto,A,Mercado,3508 Columbia Road,Lakewood,CO,80214,303-202-1389,1983/11/12,Rigoberto.A.Mercado@dodgit.com
548,female,Angela,G,Bentley,3147 Philli Lane,Ochelata,OK,74051,918-535-5151,1950/07/10,Angela.G.Bentley@dodgit.com
549,female,Helen,V,Delong,1493 Arbor Court,Cheyenne,WY,82003,307-331-7392,1942/11/16,Helen.V.Delong@mailinator.com
550,male,John,L,Burns,2354 Stutler Lane,Erie,PA,16501,814-493-4099,1972/08/06,John.L.Burns@pookmail.com
551,male,Ernest,P,Clarke,855 Oak Ridge Drive,Stlouis,MO,63101,573-590-2078,1970/07/12,Ernest.P.Clarke@spambob.com
552,male,Lewis,D,Boots,3771 Sugarfoot Lane,Lafayette,IN,47905,765-477-3827,1942/04/13,Lewis.D.Boots@pookmail.com
553,male,John,S,Woods,687 Jenna Lane,West Des Moines,IA,50266,515-273-4165,1947/04/10,John.S.Woods@dodgit.com
554,female,Sharon,J,Gilmore,3038 Poplar Lane,Doral,FL,33178,305-500-7220,1944/12/29,Sharon.J.Gilmore@trashymail.com
555,female,Brianna,J,Luna,1932 Trymore Road,Redwood Falls,MN,56283,507-644-7500,1968/12/07,Brianna.J.Luna@trashymail.com
556,male,James,E,Tartt,814 Red Bud Lane,Meriden,CT,6450,860-977-5891,1947/11/07,James.E.Tartt@dodgit.com
557,female,Michelle,S,Raines,704 Lucy Lane,Terre Haute,IN,47805,812-460-2944,1973/05/21,Michelle.S.Raines@dodgit.com
558,female,Vera,S,Allred,2900 Green Gate Lane,Hanover,MD,21076,443-768-9028,1965/06/08,Vera.S.Allred@dodgit.com
559,male,Frank,D,Story,4985 Findley Avenue,Grand Forks,ND,58203,701-864-9365,1975/11/01,Frank.D.Story@pookmail.com
560,male,Charles,B,Josephson,4884 Hewes Avenue,Columbia,MD,21045,443-660-5070,1966/10/14,Charles.B.Josephson@trashymail.com
561,male,Steven,D,Witte,2995 Leverton Cove Road,Agawam,MA,1001,413-348-4587,1952/09/02,Steven.D.Witte@spambob.com
562,female,Sarah,B,Pierce,4014 Charter Street,Mission,KS,66202,913-725-9199,1979/03/17,Sarah.B.Pierce@dodgit.com
563,female,Kandace,B,Bise,3337 Cody Ridge Road,Roff,OK,74865,580-456-2411,1954/05/08,Kandace.B.Bise@dodgit.com
564,male,Travis,D,Sheehan,1414 Wines Lane,Houston,TX,77036,832-324-2386,1981/05/03,Travis.D.Sheehan@spambob.com
565,male,Daniel,B,Wyatt,1602 Oral Lake Road,Minneapolis,MN,55410,952-285-3202,1964/09/09,Daniel.B.Wyatt@pookmail.com
566,female,Jan,H,Oconner,4595 Kimberly Way,Wyoming,MI,49509,616-931-5323,1945/08/17,Jan.H.Oconner@dodgit.com
567,male,Micheal,C,Westbrooks,4752 Rainbow Drive,Youngstown,OH,44512,330-506-6918,1952/11/27,Micheal.C.Westbrooks@mailinator.com
568,male,James,H,Michaud,1719 Spruce Drive,Beaver Falls,PA,15010,724-847-6211,1942/05/28,James.H.Michaud@dodgit.com
569,female,Teresa,W,Allen,3178 Clinton Street,Little Rock,AR,72210,501-276-0287,1947/01/04,Teresa.W.Allen@mailinator.com
570,male,George,S,Mack,2058 Villa Drive,Elkhart,IN,46516,574-596-3411,1971/10/30,George.S.Mack@trashymail.com
571,female,Mary,J,Perkins,3565 Elk Avenue,Adrian,MI,49221,517-438-6086,1964/09/09,Mary.J.Perkins@dodgit.com
572,male,Richard,A,Romero,4268 Deans Lane,Manhattan,NY,10016,914-746-6238,1981/01/10,Richard.A.Romero@pookmail.com
573,female,April,J,Gonzalez,1451 Alpha Avenue,Jacksonville,FL,32256,904-226-9435,1965/09/04,April.J.Gonzalez@mailinator.com
574,male,Charles,M,Clayton,4325 Central Avenue,Union City,NJ,7087,201-422-5377,1958/06/27,Charles.M.Clayton@dodgit.com
575,male,David,A,Stamm,2742 Tori Lane,Salt Lake City,UT,84111,801-579-6978,1960/05/23,David.A.Stamm@spambob.com
576,female,Linda,P,Schutte,2248 Lawman Avenue,Washington,VA,20011,703-258-2561,1953/04/13,Linda.P.Schutte@spambob.com
577,male,Seth,E,Melendez,1465 Wyatt Street,West Palm Beach,FL,33409,561-434-2072,1975/05/11,Seth.E.Melendez@trashymail.com
578,female,Christina,N,Anderson,1652 Nicholas Street,Topeka,KS,66604,785-271-4419,1967/08/06,Christina.N.Anderson@dodgit.com
579,male,Jeffrey,L,Taylor,4552 Wolf Pen Road,San Francisco,CA,94107,650-380-1081,1958/04/19,Jeffrey.L.Taylor@spambob.com
580,female,Aurora,A,Dement,1324 Green Street,Nashville,TN,37210,615-575-2663,1955/10/07,Aurora.A.Dement@spambob.com
581,female,Jamie,D,Moore,4667 Gordon Street,Loma Linda,CA,92357,909-478-3791,1964/11/07,Jamie.D.Moore@spambob.com
582,female,Sonya,C,Harvey,2011 Wyatt Street,Jupiter,FL,33478,561-400-0673,1976/12/14,Sonya.C.Harvey@dodgit.com
583,female,Shirley,F,Butts,100 Upland Avenue,Willard,OH,44890,419-935-3830,1955/01/24,Shirley.F.Butts@dodgit.com
584,male,Maurice,E,Aldridge,816 Ward Road,El Paso,TX,79901,915-225-0195,1946/07/03,Maurice.E.Aldridge@dodgit.com
585,male,Mark,S,Enochs,3647 Mill Street,Greenville,SC,29601,864-282-0379,1982/09/06,Mark.S.Enochs@spambob.com
586,female,Kathleen,R,Bauer,2550 Birch Street,Westfield,IN,46074,317-896-4082,1967/04/06,Kathleen.R.Bauer@mailinator.com
587,male,David,R,Link,4722 Duck Creek Road,San Francisco,CA,94108,650-863-9615,1947/01/29,David.R.Link@pookmail.com
588,female,Naomi,M,Boyd,3948 Sigley Road,Levant,KS,67743,785-586-9531,1970/01/23,Naomi.M.Boyd@spambob.com
589,male,Stanford,E,Shuster,698 Hillside Drive,Carencro,LA,70520,337-896-1167,1941/11/14,Stanford.E.Shuster@mailinator.com
590,male,Michael,R,Mcdowell,947 Byrd Lane,Las Cruces,NM,88001,505-202-0928,1973/10/22,Michael.R.Mcdowell@spambob.com
591,female,Julia,L,Pearson,2273 Wetzel Lane,Grand Rapids,MI,49508,231-309-9434,1984/08/30,Julia.L.Pearson@trashymail.com
592,female,Esther,T,Galvan,879 Bingamon Road,Garfield Heights,OH,44125,440-539-0118,1949/05/23,Esther.T.Galvan@dodgit.com
593,male,Paul,L,Polk,3453 Trainer Avenue,Moline,IL,61265,309-524-7147,1985/07/10,Paul.L.Polk@dodgit.com
594,male,Donald,L,Lambert,4437 Hart Country Lane,Hephzibah,GA,30815,706-592-2374,1951/01/29,Donald.L.Lambert@spambob.com
595,male,Glenn,M,Kalish,3530 Formula Lane,Dallas,TX,75204,469-526-9083,1953/01/09,Glenn.M.Kalish@spambob.com
596,male,Emery,S,Scheiber,4347 Neville Street,Evansville,IN,47711,812-629-0286,1972/08/26,Emery.S.Scheiber@trashymail.com
597,male,Raymond,K,Adair,2402 Johnny Lane,Milwaukee,WI,53202,414-234-9739,1952/05/28,Raymond.K.Adair@dodgit.com
598,male,Nicholas,M,Goines,3715 Marie Street,Owings Mills,MD,21117,410-902-2919,1975/12/21,Nicholas.M.Goines@trashymail.com
599,female,Carol,K,Cordova,856 Timber Oak Drive,Santa Barbara,CA,93101,805-965-0576,1961/11/20,Carol.K.Cordova@spambob.com
600,female,Melissa,D,Matthews,2122 Mayo Street,Lexington,KY,40507,859-754-7564,1982/01/23,Melissa.D.Matthews@trashymail.com
